	Taxonomy	Confidence	Life	Domain	Phylum	Class	Order	Family	Genus	Species
Otu000009	Root;Bacteria;Bacteroidetes;Bacteroidia;Bacteroidales;Prevotellaceae;Prevotella_9	1.0	Root	Bacteria	Bacteroidetes	Bacteroidia	Bacteroidales	Prevotellaceae	Prevotella_9	unclassified_Prevotella_9
Otu000040	Root;Bacteria;Bacteroidetes;Bacteroidia;Bacteroidales;Prevotellaceae;Prevotella_9;uncultured_bacterium	0.99	Root	Bacteria	Bacteroidetes	Bacteroidia	Bacteroidales	Prevotellaceae	Prevotella_9	unclassified_Prevotella_9
Otu000037	Root;Bacteria;Bacteroidetes;Bacteroidia;Bacteroidales;Bacteroidaceae;Bacteroides	1.0	Root	Bacteria	Bacteroidetes	Bacteroidia	Bacteroidales	Bacteroidaceae	Bacteroides	unclassified_Bacteroides
Otu000002	Root;Bacteria;Firmicutes;Clostridia;Clostridiales;Ruminococcaceae;Faecalibacterium	1.0	Root	Bacteria	Firmicutes	Clostridia	Clostridiales	Ruminococcaceae	Faecalibacterium	unclassified_Faecalibacterium
Otu000067	Root;Bacteria;Bacteroidetes;Bacteroidia;Bacteroidales;Bacteroidaceae;Bacteroides;Bacteroides_ovatus	0.99	Root	Bacteria	Bacteroidetes	Bacteroidia	Bacteroidales	Bacteroidaceae	Bacteroides	Bacteroides_ovatus
Otu000428	Root;Bacteria;Firmicutes;Negativicutes;Selenomonadales;Veillonellaceae;Selenomonas_3	1.0	Root	Bacteria	Firmicutes	Negativicutes	Selenomonadales	Veillonellaceae	Selenomonas_3	unclassified_Selenomonas_3
Otu000052	Root;Bacteria;Firmicutes;Clostridia;Clostridiales;Lachnospiraceae;Coprococcus_3	1.0	Root	Bacteria	Firmicutes	Clostridia	Clostridiales	Lachnospiraceae	Coprococcus_3	unclassified_Coprococcus_3
Otu000068	Root;Bacteria;Firmicutes;Clostridia;Clostridiales;Lachnospiraceae;Lachnospiraceae_NK4A136_group;uncultured_Lachnospiraceae_bacterium	1.0	Root	Bacteria	Firmicutes	Clostridia	Clostridiales	Lachnospiraceae	Lachnospiraceae_NK4A136_group	unclassified_Lachnospiraceae_NK4A136_group
Otu000001	Root;Bacteria;Proteobacteria;Gammaproteobacteria;Enterobacteriales;Enterobacteriaceae;Escherichia-Shigella	1.0	Root	Bacteria	Proteobacteria	Gammaproteobacteria	Enterobacteriales	Enterobacteriaceae	Escherichia-Shigella	unclassified_Escherichia-Shigella
Otu000032	Root;Bacteria;Firmicutes;Clostridia;Clostridiales;Lachnospiraceae;Roseburia	0.98	Root	Bacteria	Firmicutes	Clostridia	Clostridiales	Lachnospiraceae	Roseburia	unclassified_Roseburia
Otu000084	Root;Bacteria;Firmicutes;Clostridia;Clostridiales;Peptostreptococcaceae;Romboutsia;uncultured_bacterium	0.89	Root	Bacteria	Firmicutes	Clostridia	Clostridiales	Peptostreptococcaceae	Romboutsia	unclassified_Romboutsia
Otu000049	Root;Bacteria;Proteobacteria;Gammaproteobacteria;Pasteurellales;Pasteurellaceae;Haemophilus	1.0	Root	Bacteria	Proteobacteria	Gammaproteobacteria	Pasteurellales	Pasteurellaceae	Haemophilus	unclassified_Haemophilus
Otu000016	Root;Bacteria;Bacteroidetes;Bacteroidia;Bacteroidales;Bacteroidaceae;Bacteroides;Bacteroides_vulgatus_ATCC_8482	0.81	Root	Bacteria	Bacteroidetes	Bacteroidia	Bacteroidales	Bacteroidaceae	Bacteroides	Bacteroides_vulgatus_ATCC_8482
Otu000003	Root;Bacteria;Bacteroidetes;Bacteroidia;Bacteroidales;Bacteroidaceae;Bacteroides	1.0	Root	Bacteria	Bacteroidetes	Bacteroidia	Bacteroidales	Bacteroidaceae	Bacteroides	unclassified_Bacteroides
Otu000187	Root;Bacteria;Firmicutes;Clostridia;Clostridiales;Ruminococcaceae;Flavonifractor;Flavonifractor_plautii	0.86	Root	Bacteria	Firmicutes	Clostridia	Clostridiales	Ruminococcaceae	Flavonifractor	Flavonifractor_plautii
Otu000521	Root;Bacteria;Firmicutes;Clostridia;Clostridiales;Lachnospiraceae;uncultured;uncultured_bacterium_adhufec382	0.86	Root	Bacteria	Firmicutes	Clostridia	Clostridiales	Lachnospiraceae	unclassified_Lachnospiraceae	unclassified_Lachnospiraceae
Otu000097	Root;Bacteria;Bacteroidetes;Bacteroidia;Bacteroidales;Prevotellaceae;Prevotella_9	1.0	Root	Bacteria	Bacteroidetes	Bacteroidia	Bacteroidales	Prevotellaceae	Prevotella_9	unclassified_Prevotella_9
Otu000147	Root;Bacteria;Firmicutes;Erysipelotrichia;Erysipelotrichales;Erysipelotrichaceae;Turicibacter;uncultured_bacterium	0.86	Root	Bacteria	Firmicutes	Erysipelotrichia	Erysipelotrichales	Erysipelotrichaceae	Turicibacter	unclassified_Turicibacter
Otu000010	Root;Bacteria;Firmicutes;Negativicutes;Selenomonadales;Veillonellaceae;Dialister;uncultured_bacterium	0.87	Root	Bacteria	Firmicutes	Negativicutes	Selenomonadales	Veillonellaceae	Dialister	unclassified_Dialister
Otu000029	Root;Bacteria;Firmicutes;Clostridia;Clostridiales;Lachnospiraceae;Blautia;Ruminococcus_sp._5_1_39BFAA	0.83	Root	Bacteria	Firmicutes	Clostridia	Clostridiales	Lachnospiraceae	Blautia	Ruminococcus_sp._5_1_39BFAA
Otu000090	Root;Bacteria;Firmicutes;Clostridia;Clostridiales;Lachnospiraceae;Lachnospira	1.0	Root	Bacteria	Firmicutes	Clostridia	Clostridiales	Lachnospiraceae	Lachnospira	unclassified_Lachnospira
Otu000944	Root;Bacteria;Firmicutes;Negativicutes;Selenomonadales;Veillonellaceae;Veillonella	1.0	Root	Bacteria	Firmicutes	Negativicutes	Selenomonadales	Veillonellaceae	Veillonella	unclassified_Veillonella
Otu000173	Root;Bacteria;Firmicutes;Clostridia;Clostridiales;Ruminococcaceae	1.0	Root	Bacteria	Firmicutes	Clostridia	Clostridiales	Ruminococcaceae	unclassified_Ruminococcaceae	unclassified_Ruminococcaceae
Otu000006	Root;Bacteria;Firmicutes;Bacilli;Lactobacillales;Streptococcaceae;Streptococcus	1.0	Root	Bacteria	Firmicutes	Bacilli	Lactobacillales	Streptococcaceae	Streptococcus	unclassified_Streptococcus
Otu000102	Root;Bacteria;Firmicutes;Erysipelotrichia;Erysipelotrichales;Erysipelotrichaceae;Erysipelatoclostridium;Erysipelatoclostridium_ramosum	1.0	Root	Bacteria	Firmicutes	Erysipelotrichia	Erysipelotrichales	Erysipelotrichaceae	Erysipelatoclostridium	Erysipelatoclostridium_ramosum
Otu000241	Root;Bacteria;Firmicutes;Negativicutes;Selenomonadales;Veillonellaceae;Veillonella;uncultured_methanogenic_archaeon	0.84	Root	Bacteria	Firmicutes	Negativicutes	Selenomonadales	Veillonellaceae	Veillonella	unclassified_Veillonella
Otu000004	Root;Bacteria;Firmicutes;Negativicutes;Selenomonadales;Veillonellaceae;Veillonella	1.0	Root	Bacteria	Firmicutes	Negativicutes	Selenomonadales	Veillonellaceae	Veillonella	unclassified_Veillonella
Otu000080	Root;Bacteria;Firmicutes;Clostridia;Clostridiales;Lachnospiraceae;Lachnoclostridium	0.98	Root	Bacteria	Firmicutes	Clostridia	Clostridiales	Lachnospiraceae	Lachnoclostridium	unclassified_Lachnoclostridium
Otu000099	Root;Bacteria;Firmicutes;Clostridia;Clostridiales;Lachnospiraceae;Lachnoclostridium	1.0	Root	Bacteria	Firmicutes	Clostridia	Clostridiales	Lachnospiraceae	Lachnoclostridium	unclassified_Lachnoclostridium
Otu000055	Root;Bacteria;Firmicutes;Clostridia;Clostridiales;Lachnospiraceae;Anaerostipes	1.0	Root	Bacteria	Firmicutes	Clostridia	Clostridiales	Lachnospiraceae	Anaerostipes	unclassified_Anaerostipes
Otu000053	Root;Bacteria;Firmicutes;Clostridia;Clostridiales;Lachnospiraceae;Lachnospiraceae_UCG-004;uncultured_organism	0.98	Root	Bacteria	Firmicutes	Clostridia	Clostridiales	Lachnospiraceae	Lachnospiraceae_UCG-004	unclassified_Lachnospiraceae_UCG-004
Otu000863	Root;Bacteria;Bacteroidetes;Bacteroidia;Bacteroidales;Prevotellaceae;Prevotella_9	1.0	Root	Bacteria	Bacteroidetes	Bacteroidia	Bacteroidales	Prevotellaceae	Prevotella_9	unclassified_Prevotella_9
Otu000204	Root;Bacteria;Firmicutes;Negativicutes;Selenomonadales;Veillonellaceae;Megasphaera;Megasphaera_micronuciformis	1.0	Root	Bacteria	Firmicutes	Negativicutes	Selenomonadales	Veillonellaceae	Megasphaera	Megasphaera_micronuciformis
Otu000062	Root;Bacteria;Proteobacteria;Betaproteobacteria;Burkholderiales;Alcaligenaceae;Sutterella;Sutterella_wadsworthensis_2_1_59BFAA	0.81	Root	Bacteria	Proteobacteria	Betaproteobacteria	Burkholderiales	Alcaligenaceae	Sutterella	Sutterella_wadsworthensis_2_1_59BFAA
Otu000051	Root;Bacteria;Proteobacteria;Gammaproteobacteria;Aeromonadales;Succinivibrionaceae;Succinivibrio	1.0	Root	Bacteria	Proteobacteria	Gammaproteobacteria	Aeromonadales	Succinivibrionaceae	Succinivibrio	unclassified_Succinivibrio
Otu000018	Root;Bacteria;Proteobacteria;Epsilonproteobacteria;Campylobacterales;Campylobacteraceae;Campylobacter;Campylobacter_jejuni_subsp._jejuni	0.99	Root	Bacteria	Proteobacteria	Epsilonproteobacteria	Campylobacterales	Campylobacteraceae	Campylobacter	Campylobacter_jejuni_subsp._jejuni
Otu000119	Root;Bacteria;Firmicutes;Clostridia;Clostridiales;Ruminococcaceae;Flavonifractor;Flavonifractor_plautii	1.0	Root	Bacteria	Firmicutes	Clostridia	Clostridiales	Ruminococcaceae	Flavonifractor	Flavonifractor_plautii
Otu000007	Root;Bacteria;Actinobacteria;Actinobacteria;Bifidobacteriales;Bifidobacteriaceae;Bifidobacterium	1.0	Root	Bacteria	Actinobacteria	Actinobacteria	Bifidobacteriales	Bifidobacteriaceae	Bifidobacterium	unclassified_Bifidobacterium
Otu000118	Root;Bacteria;Firmicutes;Erysipelotrichia;Erysipelotrichales;Erysipelotrichaceae;Erysipelotrichaceae_UCG-003;uncultured_bacterium	0.88	Root	Bacteria	Firmicutes	Erysipelotrichia	Erysipelotrichales	Erysipelotrichaceae	Erysipelotrichaceae_UCG-003	unclassified_Erysipelotrichaceae_UCG-003
Otu000035	Root;Bacteria;Firmicutes;Clostridia;Clostridiales;Lachnospiraceae;Lachnoclostridium;uncultured_Ruminococcus_sp.	0.98	Root	Bacteria	Firmicutes	Clostridia	Clostridiales	Lachnospiraceae	Lachnoclostridium	unclassified_Lachnoclostridium
Otu000005	Root;Bacteria;Firmicutes;Bacilli;Lactobacillales;Enterococcaceae;Enterococcus	1.0	Root	Bacteria	Firmicutes	Bacilli	Lactobacillales	Enterococcaceae	Enterococcus	unclassified_Enterococcus
Otu000030	Root;Bacteria;Firmicutes;Bacilli;Lactobacillales;Leuconostocaceae;Weissella;Weissella_cibaria	0.92	Root	Bacteria	Firmicutes	Bacilli	Lactobacillales	Leuconostocaceae	Weissella	Weissella_cibaria
Otu000965	Root;Bacteria;Proteobacteria;Gammaproteobacteria;Enterobacteriales;Enterobacteriaceae;Pantoea	1.0	Root	Bacteria	Proteobacteria	Gammaproteobacteria	Enterobacteriales	Enterobacteriaceae	Pantoea	unclassified_Pantoea
Otu000088	Root;Bacteria;Firmicutes;Bacilli;Lactobacillales;Streptococcaceae;Streptococcus	1.0	Root	Bacteria	Firmicutes	Bacilli	Lactobacillales	Streptococcaceae	Streptococcus	unclassified_Streptococcus
Otu000236	Root;Bacteria;Firmicutes;Clostridia;Clostridiales;Lachnospiraceae	1.0	Root	Bacteria	Firmicutes	Clostridia	Clostridiales	Lachnospiraceae	unclassified_Lachnospiraceae	unclassified_Lachnospiraceae
Otu000225	Root;Bacteria;Firmicutes;Negativicutes;Selenomonadales;Veillonellaceae;Selenomonas_3;Selenomonas_sp._oral_taxon_137_str._F0430	0.81	Root	Bacteria	Firmicutes	Negativicutes	Selenomonadales	Veillonellaceae	Selenomonas_3	Selenomonas_sp._oral_taxon_137_str._F0430
Otu000487	Root;Bacteria;Firmicutes;Clostridia;Clostridiales;Lachnospiraceae	1.0	Root	Bacteria	Firmicutes	Clostridia	Clostridiales	Lachnospiraceae	unclassified_Lachnospiraceae	unclassified_Lachnospiraceae
Otu000122	Root;Bacteria;Firmicutes;Clostridia;Clostridiales;Ruminococcaceae	1.0	Root	Bacteria	Firmicutes	Clostridia	Clostridiales	Ruminococcaceae	unclassified_Ruminococcaceae	unclassified_Ruminococcaceae
Otu000033	Root;Bacteria;Firmicutes;Clostridia;Clostridiales;Ruminococcaceae;Ruminococcus_2;uncultured_bacterium	0.95	Root	Bacteria	Firmicutes	Clostridia	Clostridiales	Ruminococcaceae	Ruminococcus_2	unclassified_Ruminococcus_2
Otu000095	Root;Bacteria;Firmicutes;Clostridia;Clostridiales;Lachnospiraceae;[Eubacterium]_hallii_group;uncultured_organism	0.85	Root	Bacteria	Firmicutes	Clostridia	Clostridiales	Lachnospiraceae	[Eubacterium]_hallii_group	unclassified_[Eubacterium]_hallii_group
Otu000216	Root;Bacteria;Firmicutes;Clostridia;Clostridiales;Lachnospiraceae;Lachnospiraceae_UCG-010;uncultured_organism	0.84	Root	Bacteria	Firmicutes	Clostridia	Clostridiales	Lachnospiraceae	Lachnospiraceae_UCG-010	unclassified_Lachnospiraceae_UCG-010
Otu000401	Root;Bacteria;Firmicutes;Negativicutes;Selenomonadales;Veillonellaceae;Veillonella;Veillonella_sp._oral_taxon_780	0.98	Root	Bacteria	Firmicutes	Negativicutes	Selenomonadales	Veillonellaceae	Veillonella	Veillonella_sp._oral_taxon_780
Otu000159	Root;Bacteria;Proteobacteria;Betaproteobacteria;Neisseriales;Neisseriaceae;Neisseria;uncultured_organism	0.82	Root	Bacteria	Proteobacteria	Betaproteobacteria	Neisseriales	Neisseriaceae	Neisseria	unclassified_Neisseria
Otu000089	Root;Bacteria;Firmicutes;Clostridia;Clostridiales;Ruminococcaceae;Ruminococcaceae_UCG-013;uncultured_organism	1.0	Root	Bacteria	Firmicutes	Clostridia	Clostridiales	Ruminococcaceae	Ruminococcaceae_UCG-013	unclassified_Ruminococcaceae_UCG-013
Otu000438	Root;Bacteria;Firmicutes;Clostridia;Clostridiales;Ruminococcaceae;Ruminococcus_1;Ruminococcus_bicirculans	0.95	Root	Bacteria	Firmicutes	Clostridia	Clostridiales	Ruminococcaceae	Ruminococcus_1	Ruminococcus_bicirculans
Otu000339	Root;Bacteria;Firmicutes;Clostridia;Clostridiales;Lachnospiraceae;Lachnoclostridium;[Clostridium]_symbiosum	0.9	Root	Bacteria	Firmicutes	Clostridia	Clostridiales	Lachnospiraceae	Lachnoclostridium	[Clostridium]_symbiosum
Otu000877	Root;Bacteria;Firmicutes;Clostridia;Clostridiales;Ruminococcaceae;Ruminococcus_1;Ruminococcus_callidus_ATCC_27760	0.83	Root	Bacteria	Firmicutes	Clostridia	Clostridiales	Ruminococcaceae	Ruminococcus_1	Ruminococcus_callidus_ATCC_27760
Otu000027	Root;Bacteria;Firmicutes;Clostridia;Clostridiales;Ruminococcaceae;Subdoligranulum	1.0	Root	Bacteria	Firmicutes	Clostridia	Clostridiales	Ruminococcaceae	Subdoligranulum	unclassified_Subdoligranulum
Otu000269	Root;Bacteria;Proteobacteria;Gammaproteobacteria;Pasteurellales;Pasteurellaceae;Actinobacillus	1.0	Root	Bacteria	Proteobacteria	Gammaproteobacteria	Pasteurellales	Pasteurellaceae	Actinobacillus	unclassified_Actinobacillus
Otu000069	Root;Bacteria;Firmicutes;Clostridia;Clostridiales;Ruminococcaceae;Ruminiclostridium;uncultured_organism	0.9	Root	Bacteria	Firmicutes	Clostridia	Clostridiales	Ruminococcaceae	Ruminiclostridium	unclassified_Ruminiclostridium
Otu000112	Root;Bacteria;Firmicutes;Clostridia;Clostridiales;Clostridiaceae_1;Clostridium_sensu_stricto_1	1.0	Root	Bacteria	Firmicutes	Clostridia	Clostridiales	Clostridiaceae_1	Clostridium_sensu_stricto_1	unclassified_Clostridium_sensu_stricto_1
Otu000496	Root;Bacteria;Actinobacteria;Actinobacteria;Bifidobacteriales;Bifidobacteriaceae;Bifidobacterium;Bifidobacterium_bifidum	1.0	Root	Bacteria	Actinobacteria	Actinobacteria	Bifidobacteriales	Bifidobacteriaceae	Bifidobacterium	Bifidobacterium_bifidum
Otu000443	Root;Bacteria;Firmicutes;Clostridia;Clostridiales;Ruminococcaceae;Ruminiclostridium_5;uncultured_organism	1.0	Root	Bacteria	Firmicutes	Clostridia	Clostridiales	Ruminococcaceae	Ruminiclostridium_5	unclassified_Ruminiclostridium_5
Otu000186	Root;Bacteria;Actinobacteria;Coriobacteriia;Coriobacteriales;Coriobacteriaceae;Eggerthella	1.0	Root	Bacteria	Actinobacteria	Coriobacteriia	Coriobacteriales	Coriobacteriaceae	Eggerthella	unclassified_Eggerthella
Otu000096	Root;Bacteria;Firmicutes;Clostridia;Clostridiales;Peptostreptococcaceae;Peptoclostridium	1.0	Root	Bacteria	Firmicutes	Clostridia	Clostridiales	Peptostreptococcaceae	Peptoclostridium	unclassified_Peptoclostridium
Otu000161	Root;Bacteria;Firmicutes;Clostridia;Clostridiales;Ruminococcaceae;Ruminiclostridium_9;uncultured_organism	0.97	Root	Bacteria	Firmicutes	Clostridia	Clostridiales	Ruminococcaceae	Ruminiclostridium_9	unclassified_Ruminiclostridium_9
Otu000300	Root;Bacteria;Firmicutes;Clostridia;Clostridiales;Ruminococcaceae;Anaerotruncus;Anaerotruncus_colihominis_DSM_17241	0.91	Root	Bacteria	Firmicutes	Clostridia	Clostridiales	Ruminococcaceae	Anaerotruncus	Anaerotruncus_colihominis_DSM_17241
Otu000087	Root;Bacteria;Firmicutes;Clostridia;Clostridiales;Clostridiaceae_1;Sarcina;uncultured_Sarcina_sp.	0.99	Root	Bacteria	Firmicutes	Clostridia	Clostridiales	Clostridiaceae_1	Sarcina	unclassified_Sarcina
Otu000044	Root;Bacteria;Fusobacteria;Fusobacteriia;Fusobacteriales;Fusobacteriaceae;Fusobacterium	0.8	Root	Bacteria	Fusobacteria	Fusobacteriia	Fusobacteriales	Fusobacteriaceae	Fusobacterium	unclassified_Fusobacterium
Otu000327	Root;Bacteria;Firmicutes;Clostridia;Clostridiales;Lachnospiraceae;Blautia	1.0	Root	Bacteria	Firmicutes	Clostridia	Clostridiales	Lachnospiraceae	Blautia	unclassified_Blautia
Otu000142	Root;Bacteria;Bacteroidetes;Bacteroidia;Bacteroidales;Bacteroidaceae;Bacteroides;Bacteroides_thetaiotaomicron	0.91	Root	Bacteria	Bacteroidetes	Bacteroidia	Bacteroidales	Bacteroidaceae	Bacteroides	Bacteroides_thetaiotaomicron
Otu000325	Root;Bacteria;Firmicutes;Bacilli;Bacillales;Family_XI;Gemella	1.0	Root	Bacteria	Firmicutes	Bacilli	Bacillales	Bacillales_Family_XI	Gemella	unclassified_Gemella
Otu000022	Root;Bacteria;Firmicutes;Clostridia;Clostridiales;Lachnospiraceae;Pseudobutyrivibrio	0.98	Root	Bacteria	Firmicutes	Clostridia	Clostridiales	Lachnospiraceae	Pseudobutyrivibrio	unclassified_Pseudobutyrivibrio
Otu000205	Root;Bacteria;Firmicutes;Clostridia;Clostridiales;Lachnospiraceae	1.0	Root	Bacteria	Firmicutes	Clostridia	Clostridiales	Lachnospiraceae	unclassified_Lachnospiraceae	unclassified_Lachnospiraceae
Otu000243	Root;Bacteria;Firmicutes;Clostridia;Clostridiales;Lachnospiraceae;Tyzzerella	0.82	Root	Bacteria	Firmicutes	Clostridia	Clostridiales	Lachnospiraceae	Tyzzerella	unclassified_Tyzzerella
Otu000681	Root;Bacteria;Firmicutes;Clostridia;Clostridiales;Lachnospiraceae;Blautia	1.0	Root	Bacteria	Firmicutes	Clostridia	Clostridiales	Lachnospiraceae	Blautia	unclassified_Blautia
Otu000077	Root;Bacteria;Proteobacteria;Betaproteobacteria;Burkholderiales;Alcaligenaceae;Sutterella	1.0	Root	Bacteria	Proteobacteria	Betaproteobacteria	Burkholderiales	Alcaligenaceae	Sutterella	unclassified_Sutterella
Otu000124	Root;Bacteria;Firmicutes;Clostridia;Clostridiales;Lachnospiraceae;Blautia	1.0	Root	Bacteria	Firmicutes	Clostridia	Clostridiales	Lachnospiraceae	Blautia	unclassified_Blautia
Otu000008	Root;Bacteria;Firmicutes;Bacilli;Lactobacillales;Lactobacillaceae;Lactobacillus;Lactobacillus_ruminis	1.0	Root	Bacteria	Firmicutes	Bacilli	Lactobacillales	Lactobacillaceae	Lactobacillus	Lactobacillus_ruminis
Otu000014	Root;Bacteria;Proteobacteria;Gammaproteobacteria;Enterobacteriales;Enterobacteriaceae;Klebsiella	0.95	Root	Bacteria	Proteobacteria	Gammaproteobacteria	Enterobacteriales	Enterobacteriaceae	Klebsiella	unclassified_Klebsiella
Otu000277	Root;Bacteria;Cyanobacteria;Chloroplast	1.0	Root	Bacteria	Cyanobacteria	Chloroplast	unclassified_Chloroplast	unclassified_Chloroplast	unclassified_Chloroplast	unclassified_Chloroplast
Otu000291	Root;Bacteria;Proteobacteria;Gammaproteobacteria;Enterobacteriales;Enterobacteriaceae;Enterobacter	0.84	Root	Bacteria	Proteobacteria	Gammaproteobacteria	Enterobacteriales	Enterobacteriaceae	Enterobacter	unclassified_Enterobacter
Otu000328	Root;Bacteria;Actinobacteria;Actinobacteria;Bifidobacteriales;Bifidobacteriaceae;Bifidobacterium	0.99	Root	Bacteria	Actinobacteria	Actinobacteria	Bifidobacteriales	Bifidobacteriaceae	Bifidobacterium	unclassified_Bifidobacterium
Otu000078	Root;Bacteria;Firmicutes;Clostridia;Clostridiales;Lachnospiraceae;Hungatella	1.0	Root	Bacteria	Firmicutes	Clostridia	Clostridiales	Lachnospiraceae	Hungatella	unclassified_Hungatella
Otu000506	Root;Bacteria;Firmicutes;Clostridia;Clostridiales;Ruminococcaceae;Anaerotruncus;Anaerotruncus_colihominis_DSM_17241	0.99	Root	Bacteria	Firmicutes	Clostridia	Clostridiales	Ruminococcaceae	Anaerotruncus	Anaerotruncus_colihominis_DSM_17241
Otu000154	Root;Bacteria;Actinobacteria;Coriobacteriia;Coriobacteriales;Coriobacteriaceae;Collinsella;Collinsella_aerofaciens	0.94	Root	Bacteria	Actinobacteria	Coriobacteriia	Coriobacteriales	Coriobacteriaceae	Collinsella	Collinsella_aerofaciens
Otu000189	Root;Bacteria;Firmicutes;Bacilli;Lactobacillales;Carnobacteriaceae;Granulicatella;uncultured_organism	1.0	Root	Bacteria	Firmicutes	Bacilli	Lactobacillales	Carnobacteriaceae	Granulicatella	unclassified_Granulicatella
Otu000038	Root;Bacteria;Firmicutes;Bacilli;Lactobacillales;Lactobacillaceae;Lactobacillus	1.0	Root	Bacteria	Firmicutes	Bacilli	Lactobacillales	Lactobacillaceae	Lactobacillus	unclassified_Lactobacillus
Otu000501	Root;Bacteria;Firmicutes;Erysipelotrichia;Erysipelotrichales;Erysipelotrichaceae;Erysipelatoclostridium;[Clostridium]_spiroforme	1.0	Root	Bacteria	Firmicutes	Erysipelotrichia	Erysipelotrichales	Erysipelotrichaceae	Erysipelatoclostridium	[Clostridium]_spiroforme
Otu000076	Root;Bacteria;Firmicutes;Clostridia;Clostridiales;Lachnospiraceae;uncultured	0.82	Root	Bacteria	Firmicutes	Clostridia	Clostridiales	Lachnospiraceae	unclassified_Lachnospiraceae	unclassified_Lachnospiraceae
Otu000013	Root;Bacteria;Firmicutes;Negativicutes;Selenomonadales;Veillonellaceae;Megasphaera	0.9	Root	Bacteria	Firmicutes	Negativicutes	Selenomonadales	Veillonellaceae	Megasphaera	unclassified_Megasphaera
Otu000203	Root;Bacteria;Bacteroidetes;Bacteroidia;Bacteroidales;Prevotellaceae;Prevotella_9	1.0	Root	Bacteria	Bacteroidetes	Bacteroidia	Bacteroidales	Prevotellaceae	Prevotella_9	unclassified_Prevotella_9
Otu000105	Root;Bacteria;Firmicutes;Clostridia;Clostridiales;Ruminococcaceae;Ruminococcaceae_UCG-014;uncultured_Ruminococcaceae_bacterium	1.0	Root	Bacteria	Firmicutes	Clostridia	Clostridiales	Ruminococcaceae	Ruminococcaceae_UCG-014	unclassified_Ruminococcaceae_UCG-014
Otu000174	Root;Bacteria;Bacteroidetes;Bacteroidia;Bacteroidales;Prevotellaceae;uncultured;uncultured_bacterium	1.0	Root	Bacteria	Bacteroidetes	Bacteroidia	Bacteroidales	Prevotellaceae	unclassified_Prevotellaceae	unclassified_Prevotellaceae
Otu000548	Root;Bacteria;Firmicutes;Clostridia;Clostridiales;Lachnospiraceae;Lachnoclostridium_5	1.0	Root	Bacteria	Firmicutes	Clostridia	Clostridiales	Lachnospiraceae	Lachnoclostridium_5	unclassified_Lachnoclostridium_5
Otu000795	Root;Bacteria;Firmicutes;Clostridia;Clostridiales;Lachnospiraceae;Lachnoanaerobaculum;uncultured_organism	0.86	Root	Bacteria	Firmicutes	Clostridia	Clostridiales	Lachnospiraceae	Lachnoanaerobaculum	unclassified_Lachnoanaerobaculum
Otu000025	Root;Bacteria;Firmicutes;Bacilli;Lactobacillales;Streptococcaceae;Streptococcus	1.0	Root	Bacteria	Firmicutes	Bacilli	Lactobacillales	Streptococcaceae	Streptococcus	unclassified_Streptococcus
Otu000794	Root;Bacteria;Firmicutes;Clostridia;Clostridiales;Lachnospiraceae;Lachnospiraceae_UCG-010;uncultured_bacterium	0.99	Root	Bacteria	Firmicutes	Clostridia	Clostridiales	Lachnospiraceae	Lachnospiraceae_UCG-010	unclassified_Lachnospiraceae_UCG-010
Otu000152	Root;Bacteria;Firmicutes;Clostridia;Clostridiales;Clostridiaceae_1;Clostridium_sensu_stricto_1	1.0	Root	Bacteria	Firmicutes	Clostridia	Clostridiales	Clostridiaceae_1	Clostridium_sensu_stricto_1	unclassified_Clostridium_sensu_stricto_1
Otu000063	Root;Bacteria;Firmicutes;Clostridia;Clostridiales;Lachnospiraceae;Tyzzerella_3	1.0	Root	Bacteria	Firmicutes	Clostridia	Clostridiales	Lachnospiraceae	Tyzzerella_3	unclassified_Tyzzerella_3
Otu000227	Root;Bacteria;Fusobacteria;Fusobacteriia;Fusobacteriales;Fusobacteriaceae;Fusobacterium;Fusobacterium_nucleatum	0.86	Root	Bacteria	Fusobacteria	Fusobacteriia	Fusobacteriales	Fusobacteriaceae	Fusobacterium	Fusobacterium_nucleatum
Otu000972	Root;Bacteria;Firmicutes;Clostridia;Clostridiales;Lachnospiraceae;Tyzzerella;uncultured_Firmicutes_bacterium	0.93	Root	Bacteria	Firmicutes	Clostridia	Clostridiales	Lachnospiraceae	Tyzzerella	unclassified_Tyzzerella
Otu000136	Root;Bacteria;Tenericutes;Mollicutes;Mycoplasmatales;Mycoplasmataceae;Ureaplasma	1.0	Root	Bacteria	Tenericutes	Mollicutes	Mycoplasmatales	Mycoplasmataceae	Ureaplasma	unclassified_Ureaplasma
Otu000050	Root;Bacteria;Bacteroidetes;Bacteroidia;Bacteroidales;Bacteroidaceae;Bacteroides;Bacteroides_uniformis	1.0	Root	Bacteria	Bacteroidetes	Bacteroidia	Bacteroidales	Bacteroidaceae	Bacteroides	Bacteroides_uniformis
Otu000494	Root;Bacteria;Firmicutes;Bacilli;Lactobacillales	1.0	Root	Bacteria	Firmicutes	Bacilli	Lactobacillales	unclassified_Lactobacillales	unclassified_Lactobacillales	unclassified_Lactobacillales
Otu000034	Root;Bacteria;Bacteroidetes;Bacteroidia;Bacteroidales;Prevotellaceae;Prevotella_2;uncultured_bacterium	0.9	Root	Bacteria	Bacteroidetes	Bacteroidia	Bacteroidales	Prevotellaceae	Prevotella_2	unclassified_Prevotella_2
Otu000100	Root;Bacteria;Firmicutes;Clostridia;Clostridiales;Clostridiaceae_1;Clostridium_sensu_stricto_1;Clostridium_butyricum	0.98	Root	Bacteria	Firmicutes	Clostridia	Clostridiales	Clostridiaceae_1	Clostridium_sensu_stricto_1	Clostridium_butyricum
Otu000023	Root;Bacteria;Bacteroidetes;Bacteroidia;Bacteroidales;Prevotellaceae;Alloprevotella;uncultured_organism	0.93	Root	Bacteria	Bacteroidetes	Bacteroidia	Bacteroidales	Prevotellaceae	Alloprevotella	unclassified_Alloprevotella
Otu000664	Root;Bacteria;Proteobacteria;Betaproteobacteria;Neisseriales;Neisseriaceae;Eikenella;uncultured_bacterium	0.95	Root	Bacteria	Proteobacteria	Betaproteobacteria	Neisseriales	Neisseriaceae	Eikenella	unclassified_Eikenella
Otu000011	Root;Bacteria;Firmicutes;Negativicutes;Selenomonadales;Veillonellaceae;Veillonella	1.0	Root	Bacteria	Firmicutes	Negativicutes	Selenomonadales	Veillonellaceae	Veillonella	unclassified_Veillonella
Otu000121	Root;Bacteria;Firmicutes;Clostridia;Clostridiales;Clostridiaceae_1;Clostridium_sensu_stricto_1	0.96	Root	Bacteria	Firmicutes	Clostridia	Clostridiales	Clostridiaceae_1	Clostridium_sensu_stricto_1	unclassified_Clostridium_sensu_stricto_1
Otu000222	Root;Bacteria;Saccharibacteria;TM7_phylum_sp._oral_clone_DR034	0.93	Root	Bacteria	Saccharibacteria	TM7_phylum_sp._oral_clone_DR034	unclassified_TM7_phylum_sp._oral_clone_DR034	unclassified_TM7_phylum_sp._oral_clone_DR034	unclassified_TM7_phylum_sp._oral_clone_DR034	unclassified_TM7_phylum_sp._oral_clone_DR034
Otu000015	Root;Bacteria;Firmicutes;Bacilli;Lactobacillales;Lactobacillaceae;Lactobacillus;Lactobacillus_mucosae	1.0	Root	Bacteria	Firmicutes	Bacilli	Lactobacillales	Lactobacillaceae	Lactobacillus	Lactobacillus_mucosae
Otu000376	Root;Bacteria;Firmicutes;Clostridia;Clostridiales;Clostridiaceae_1;Clostridium_sensu_stricto_1;Clostridium_perfringens_NCTC_8239	0.86	Root	Bacteria	Firmicutes	Clostridia	Clostridiales	Clostridiaceae_1	Clostridium_sensu_stricto_1	Clostridium_perfringens_NCTC_8239
Otu000024	Root;Bacteria;Firmicutes;Negativicutes;Selenomonadales;Veillonellaceae;Megamonas	1.0	Root	Bacteria	Firmicutes	Negativicutes	Selenomonadales	Veillonellaceae	Megamonas	unclassified_Megamonas
Otu000906	Root;Bacteria;Actinobacteria;Actinobacteria;Bifidobacteriales;Bifidobacteriaceae;Bifidobacterium;Bifidobacterium_stellenboschense	0.91	Root	Bacteria	Actinobacteria	Actinobacteria	Bifidobacteriales	Bifidobacteriaceae	Bifidobacterium	Bifidobacterium_stellenboschense
Otu000042	Root;Bacteria;Proteobacteria;Epsilonproteobacteria;Campylobacterales;Campylobacteraceae;Campylobacter	1.0	Root	Bacteria	Proteobacteria	Epsilonproteobacteria	Campylobacterales	Campylobacteraceae	Campylobacter	unclassified_Campylobacter
Otu000431	Root;Bacteria	0.85	Root	Bacteria	unclassified_Bacteria	unclassified_Bacteria	unclassified_Bacteria	unclassified_Bacteria	unclassified_Bacteria	unclassified_Bacteria
Otu000019	Root;Bacteria;Firmicutes;Negativicutes;Selenomonadales;Veillonellaceae;Megasphaera	1.0	Root	Bacteria	Firmicutes	Negativicutes	Selenomonadales	Veillonellaceae	Megasphaera	unclassified_Megasphaera
Otu000756	Root;Bacteria;Firmicutes;Clostridia;Clostridiales;Ruminococcaceae;Subdoligranulum;uncultured_Ruminococcaceae_bacterium	0.86	Root	Bacteria	Firmicutes	Clostridia	Clostridiales	Ruminococcaceae	Subdoligranulum	unclassified_Subdoligranulum
Otu000039	Root;Bacteria;Firmicutes;Bacilli;Lactobacillales;Lactobacillaceae;Lactobacillus	1.0	Root	Bacteria	Firmicutes	Bacilli	Lactobacillales	Lactobacillaceae	Lactobacillus	unclassified_Lactobacillus
Otu000104	Root;Bacteria;Firmicutes;Clostridia;Clostridiales;Lachnospiraceae;Lachnospiraceae_ND3007_group;uncultured_bacterium	0.96	Root	Bacteria	Firmicutes	Clostridia	Clostridiales	Lachnospiraceae	Lachnospiraceae_ND3007_group	unclassified_Lachnospiraceae_ND3007_group
Otu000192	Root;Bacteria;Bacteroidetes;Bacteroidia;Bacteroidales;Prevotellaceae;Prevotella_7;Prevotella_buccae	0.98	Root	Bacteria	Bacteroidetes	Bacteroidia	Bacteroidales	Prevotellaceae	Prevotella_7	Prevotella_buccae
Otu000036	Root;Bacteria;Firmicutes;Clostridia;Clostridiales;Lachnospiraceae;Dorea;uncultured_bacterium	0.87	Root	Bacteria	Firmicutes	Clostridia	Clostridiales	Lachnospiraceae	Dorea	unclassified_Dorea
Otu000150	Root;Bacteria;Firmicutes;Clostridia;Clostridiales;Lachnospiraceae;Fusicatenibacter	1.0	Root	Bacteria	Firmicutes	Clostridia	Clostridiales	Lachnospiraceae	Fusicatenibacter	unclassified_Fusicatenibacter
Otu000135	Root;Bacteria;Firmicutes;Negativicutes;Selenomonadales;Veillonellaceae;Dialister;uncultured_bacterium	0.9	Root	Bacteria	Firmicutes	Negativicutes	Selenomonadales	Veillonellaceae	Dialister	unclassified_Dialister
Otu000474	Root;Bacteria;Proteobacteria;Betaproteobacteria;Burkholderiales;Alcaligenaceae;Sutterella;uncultured_bacterium	0.97	Root	Bacteria	Proteobacteria	Betaproteobacteria	Burkholderiales	Alcaligenaceae	Sutterella	unclassified_Sutterella
Otu000301	Root;Bacteria;Actinobacteria;Coriobacteriia;Coriobacteriales;Coriobacteriaceae;uncultured_Olsenella_sp.	0.96	Root	Bacteria	Actinobacteria	Coriobacteriia	Coriobacteriales	Coriobacteriaceae	unclassified_Coriobacteriaceae	unclassified_Coriobacteriaceae
Otu000419	Root;Bacteria;Firmicutes;Clostridia;Clostridiales;Ruminococcaceae;Ruminococcaceae_UCG-008;uncultured_bacterium	1.0	Root	Bacteria	Firmicutes	Clostridia	Clostridiales	Ruminococcaceae	Ruminococcaceae_UCG-008	unclassified_Ruminococcaceae_UCG-008
Otu000198	Root;Bacteria;Firmicutes;Negativicutes;Selenomonadales;Veillonellaceae;Megasphaera	1.0	Root	Bacteria	Firmicutes	Negativicutes	Selenomonadales	Veillonellaceae	Megasphaera	unclassified_Megasphaera
Otu000115	Root;Bacteria;Firmicutes;Clostridia;Clostridiales;Ruminococcaceae;Ruminococcaceae_UCG-003	1.0	Root	Bacteria	Firmicutes	Clostridia	Clostridiales	Ruminococcaceae	Ruminococcaceae_UCG-003	unclassified_Ruminococcaceae_UCG-003
Otu000066	Root;Bacteria;Firmicutes;Clostridia;Clostridiales;Lachnospiraceae;Lachnospiraceae_NK4A136_group	0.97	Root	Bacteria	Firmicutes	Clostridia	Clostridiales	Lachnospiraceae	Lachnospiraceae_NK4A136_group	unclassified_Lachnospiraceae_NK4A136_group
Otu000057	Root;Bacteria;Actinobacteria;Actinobacteria;Bifidobacteriales;Bifidobacteriaceae;Bifidobacterium	0.98	Root	Bacteria	Actinobacteria	Actinobacteria	Bifidobacteriales	Bifidobacteriaceae	Bifidobacterium	unclassified_Bifidobacterium
Otu000313	Root;Bacteria;Proteobacteria;Betaproteobacteria;Burkholderiales;Alcaligenaceae;Sutterella	0.82	Root	Bacteria	Proteobacteria	Betaproteobacteria	Burkholderiales	Alcaligenaceae	Sutterella	unclassified_Sutterella
Otu000177	Root;Bacteria;Firmicutes;Clostridia;Clostridiales;Lachnospiraceae;Incertae_Sedis	1.0	Root	Bacteria	Firmicutes	Clostridia	Clostridiales	Lachnospiraceae	Incertae_Sedis	unclassified_Incertae_Sedis
Otu000254	Root;Bacteria;Firmicutes;Erysipelotrichia;Erysipelotrichales;Erysipelotrichaceae;Incertae_Sedis;uncultured_bacterium	0.97	Root	Bacteria	Firmicutes	Erysipelotrichia	Erysipelotrichales	Erysipelotrichaceae	Incertae_Sedis	unclassified_Incertae_Sedis
Otu000342	Root;Bacteria;Firmicutes;Bacilli;Lactobacillales;Lactobacillaceae;Lactobacillus	0.93	Root	Bacteria	Firmicutes	Bacilli	Lactobacillales	Lactobacillaceae	Lactobacillus	unclassified_Lactobacillus
Otu000065	Root;Bacteria;Firmicutes;Clostridia;Clostridiales;Peptostreptococcaceae;Peptostreptococcus;uncultured_bacterium	0.99	Root	Bacteria	Firmicutes	Clostridia	Clostridiales	Peptostreptococcaceae	Peptostreptococcus	unclassified_Peptostreptococcus
Otu000031	Root;Bacteria;Firmicutes;Bacilli;Lactobacillales;Lactobacillaceae;Lactobacillus	1.0	Root	Bacteria	Firmicutes	Bacilli	Lactobacillales	Lactobacillaceae	Lactobacillus	unclassified_Lactobacillus
Otu000505	Root;Bacteria;Actinobacteria;Coriobacteriia;Coriobacteriales;Coriobacteriaceae;Collinsella	1.0	Root	Bacteria	Actinobacteria	Coriobacteriia	Coriobacteriales	Coriobacteriaceae	Collinsella	unclassified_Collinsella
Otu000385	Root;Bacteria;Firmicutes;Clostridia;Clostridiales;Family_XI;Parvimonas	1.0	Root	Bacteria	Firmicutes	Clostridia	Clostridiales	Clostridiales_Family_XI	Parvimonas	unclassified_Parvimonas
Otu000107	Root;Bacteria;Firmicutes;Negativicutes;Selenomonadales;Acidaminococcaceae;Acidaminococcus;Acidaminococcus_fermentans_DSM_20731	0.91	Root	Bacteria	Firmicutes	Negativicutes	Selenomonadales	Acidaminococcaceae	Acidaminococcus	Acidaminococcus_fermentans_DSM_20731
Otu000742	Root;Bacteria;Firmicutes;Clostridia;Clostridiales;Lachnospiraceae	0.91	Root	Bacteria	Firmicutes	Clostridia	Clostridiales	Lachnospiraceae	unclassified_Lachnospiraceae	unclassified_Lachnospiraceae
Otu000109	Root;Bacteria;Proteobacteria;Gammaproteobacteria;Enterobacteriales;Enterobacteriaceae;Proteus;Proteus_mirabilis	0.86	Root	Bacteria	Proteobacteria	Gammaproteobacteria	Enterobacteriales	Enterobacteriaceae	Proteus	Proteus_mirabilis
Otu000181	Root;Bacteria;Firmicutes;Bacilli;Lactobacillales;Lactobacillaceae;Lactobacillus;Lactobacillus_saerimneri	0.97	Root	Bacteria	Firmicutes	Bacilli	Lactobacillales	Lactobacillaceae	Lactobacillus	Lactobacillus_saerimneri
Otu000207	Root;Bacteria;Firmicutes;Bacilli;Lactobacillales;Enterococcaceae;Enterococcus;Enterococcus_cecorum_DSM_20682_=_ATCC_43198	0.96	Root	Bacteria	Firmicutes	Bacilli	Lactobacillales	Enterococcaceae	Enterococcus	Enterococcus_cecorum_DSM_20682_=_ATCC_43198
Otu000402	Root;Bacteria;Firmicutes;Clostridia;Clostridiales;Lachnospiraceae;Lachnospiraceae_FCS020_group;uncultured_organism	0.92	Root	Bacteria	Firmicutes	Clostridia	Clostridiales	Lachnospiraceae	Lachnospiraceae_FCS020_group	unclassified_Lachnospiraceae_FCS020_group
Otu000281	Root;Bacteria;Proteobacteria;Gammaproteobacteria;Enterobacteriales;Enterobacteriaceae;Escherichia-Shigella	0.95	Root	Bacteria	Proteobacteria	Gammaproteobacteria	Enterobacteriales	Enterobacteriaceae	Escherichia-Shigella	unclassified_Escherichia-Shigella
Otu000764	Root;Bacteria;Saccharibacteria;TM7_phylum_sp._oral_clone_FR058	0.97	Root	Bacteria	Saccharibacteria	TM7_phylum_sp._oral_clone_FR058	unclassified_TM7_phylum_sp._oral_clone_FR058	unclassified_TM7_phylum_sp._oral_clone_FR058	unclassified_TM7_phylum_sp._oral_clone_FR058	unclassified_TM7_phylum_sp._oral_clone_FR058
Otu000936	Root;Bacteria	0.99	Root	Bacteria	unclassified_Bacteria	unclassified_Bacteria	unclassified_Bacteria	unclassified_Bacteria	unclassified_Bacteria	unclassified_Bacteria
Otu000796	Root;Bacteria;Actinobacteria;Actinobacteria;Bifidobacteriales;Bifidobacteriaceae;Bifidobacterium	0.94	Root	Bacteria	Actinobacteria	Actinobacteria	Bifidobacteriales	Bifidobacteriaceae	Bifidobacterium	unclassified_Bifidobacterium
Otu000404	Root;Bacteria;Actinobacteria;Actinobacteria;Micrococcales;Micrococcaceae;Rothia	1.0	Root	Bacteria	Actinobacteria	Actinobacteria	Micrococcales	Micrococcaceae	Rothia	unclassified_Rothia
Otu000148	Root;Bacteria;Firmicutes;Bacilli;Lactobacillales;Streptococcaceae;Lactococcus	1.0	Root	Bacteria	Firmicutes	Bacilli	Lactobacillales	Streptococcaceae	Lactococcus	unclassified_Lactococcus
Otu000344	Root;Bacteria;Proteobacteria;Gammaproteobacteria;Pasteurellales;Pasteurellaceae;Haemophilus	1.0	Root	Bacteria	Proteobacteria	Gammaproteobacteria	Pasteurellales	Pasteurellaceae	Haemophilus	unclassified_Haemophilus
Otu000026	Root;Bacteria;Bacteroidetes;Bacteroidia;Bacteroidales;Porphyromonadaceae;Parabacteroides;Parabacteroides_merdae	1.0	Root	Bacteria	Bacteroidetes	Bacteroidia	Bacteroidales	Porphyromonadaceae	Parabacteroides	Parabacteroides_merdae
Otu000098	Root;Bacteria;Firmicutes;Clostridia;Clostridiales;Lachnospiraceae;[Eubacterium]_ventriosum_group	1.0	Root	Bacteria	Firmicutes	Clostridia	Clostridiales	Lachnospiraceae	[Eubacterium]_ventriosum_group	unclassified_[Eubacterium]_ventriosum_group
Otu000021	Root;Bacteria;Firmicutes;Bacilli;Lactobacillales;Leuconostocaceae;Leuconostoc	1.0	Root	Bacteria	Firmicutes	Bacilli	Lactobacillales	Leuconostocaceae	Leuconostoc	unclassified_Leuconostoc
Otu000638	Root;Bacteria;Bacteroidetes;Bacteroidia;Bacteroidales;Prevotellaceae;Prevotella_2;uncultured_bacterium	0.85	Root	Bacteria	Bacteroidetes	Bacteroidia	Bacteroidales	Prevotellaceae	Prevotella_2	unclassified_Prevotella_2
Otu000387	Root;Bacteria;Proteobacteria;Gammaproteobacteria;Pseudomonadales;Moraxellaceae;Acinetobacter	1.0	Root	Bacteria	Proteobacteria	Gammaproteobacteria	Pseudomonadales	Moraxellaceae	Acinetobacter	unclassified_Acinetobacter
Otu000151	Root;Bacteria;Proteobacteria;Gammaproteobacteria;Pasteurellales;Pasteurellaceae;Haemophilus	1.0	Root	Bacteria	Proteobacteria	Gammaproteobacteria	Pasteurellales	Pasteurellaceae	Haemophilus	unclassified_Haemophilus
Otu000012	Root;Bacteria;Firmicutes;Negativicutes;Selenomonadales;Veillonellaceae;Megasphaera;uncultured_organism	1.0	Root	Bacteria	Firmicutes	Negativicutes	Selenomonadales	Veillonellaceae	Megasphaera	unclassified_Megasphaera
Otu000692	Root;Bacteria;Firmicutes;Bacilli;Lactobacillales;Leuconostocaceae;Leuconostoc	0.97	Root	Bacteria	Firmicutes	Bacilli	Lactobacillales	Leuconostocaceae	Leuconostoc	unclassified_Leuconostoc
Otu000239	Root;Bacteria;Proteobacteria;Gammaproteobacteria;Pseudomonadales;Moraxellaceae;Acinetobacter	1.0	Root	Bacteria	Proteobacteria	Gammaproteobacteria	Pseudomonadales	Moraxellaceae	Acinetobacter	unclassified_Acinetobacter
Otu000166	Root;Bacteria;Proteobacteria;Gammaproteobacteria;Enterobacteriales;Enterobacteriaceae	1.0	Root	Bacteria	Proteobacteria	Gammaproteobacteria	Enterobacteriales	Enterobacteriaceae	unclassified_Enterobacteriaceae	unclassified_Enterobacteriaceae
Otu000178	Root;Bacteria;Bacteroidetes;Bacteroidia;Bacteroidales;Rikenellaceae;Alistipes;Alistipes_indistinctus_YIT_12060	1.0	Root	Bacteria	Bacteroidetes	Bacteroidia	Bacteroidales	Rikenellaceae	Alistipes	Alistipes_indistinctus_YIT_12060
Otu000335	Root;Bacteria;Bacteroidetes;Bacteroidia;Bacteroidales;Prevotellaceae;Prevotella_2	0.94	Root	Bacteria	Bacteroidetes	Bacteroidia	Bacteroidales	Prevotellaceae	Prevotella_2	unclassified_Prevotella_2
Otu000165	Root;Bacteria;Elusimicrobia;Elusimicrobia;Elusimicrobiales;Elusimicrobiaceae;Elusimicrobium;uncultured_bacterium	1.0	Root	Bacteria	Elusimicrobia	Elusimicrobia	Elusimicrobiales	Elusimicrobiaceae	Elusimicrobium	unclassified_Elusimicrobium
Otu000123	Root;Bacteria;Bacteroidetes;Bacteroidia;Bacteroidales;Rikenellaceae;Alistipes	1.0	Root	Bacteria	Bacteroidetes	Bacteroidia	Bacteroidales	Rikenellaceae	Alistipes	unclassified_Alistipes
Otu000061	Root;Bacteria;Proteobacteria;Gammaproteobacteria;Enterobacteriales;Enterobacteriaceae;Morganella	1.0	Root	Bacteria	Proteobacteria	Gammaproteobacteria	Enterobacteriales	Enterobacteriaceae	Morganella	unclassified_Morganella
Otu000081	Root;Bacteria;Bacteroidetes;Bacteroidia;Bacteroidales;Prevotellaceae;Prevotella_2;uncultured_organism	1.0	Root	Bacteria	Bacteroidetes	Bacteroidia	Bacteroidales	Prevotellaceae	Prevotella_2	unclassified_Prevotella_2
Otu000986	Root;Bacteria;Bacteroidetes;Flavobacteriia;Flavobacteriales;Flavobacteriaceae;Elizabethkingia	1.0	Root	Bacteria	Bacteroidetes	Flavobacteriia	Flavobacteriales	Flavobacteriaceae	Elizabethkingia	unclassified_Elizabethkingia
Otu000144	Root;Bacteria;Bacteroidetes;Bacteroidia;Bacteroidales;Porphyromonadaceae;Parabacteroides;Parabacteroides_distasonis	0.83	Root	Bacteria	Bacteroidetes	Bacteroidia	Bacteroidales	Porphyromonadaceae	Parabacteroides	Parabacteroides_distasonis
Otu000106	Root;Bacteria;Bacteroidetes;Bacteroidia;Bacteroidales;Porphyromonadaceae;Odoribacter;Odoribacter_splanchnicus_DSM_20712	1.0	Root	Bacteria	Bacteroidetes	Bacteroidia	Bacteroidales	Porphyromonadaceae	Odoribacter	Odoribacter_splanchnicus_DSM_20712
Otu000555	Root;Bacteria;Bacteroidetes;Bacteroidia;Bacteroidales;Bacteroidaceae;Bacteroides;Bacteroides_clarus	0.91	Root	Bacteria	Bacteroidetes	Bacteroidia	Bacteroidales	Bacteroidaceae	Bacteroides	Bacteroides_clarus
Otu000116	Root;Bacteria;Firmicutes;Clostridia;Clostridiales;Lachnospiraceae;Coprococcus_1	1.0	Root	Bacteria	Firmicutes	Clostridia	Clostridiales	Lachnospiraceae	Coprococcus_1	unclassified_Coprococcus_1
Otu000108	Root;Bacteria;Firmicutes;Clostridia;Clostridiales;Lachnospiraceae;Roseburia	1.0	Root	Bacteria	Firmicutes	Clostridia	Clostridiales	Lachnospiraceae	Roseburia	unclassified_Roseburia
Otu000620	Root;Bacteria;Firmicutes;Clostridia;Clostridiales;Ruminococcaceae;Ruminococcaceae_UCG-003;uncultured_bacterium	0.92	Root	Bacteria	Firmicutes	Clostridia	Clostridiales	Ruminococcaceae	Ruminococcaceae_UCG-003	unclassified_Ruminococcaceae_UCG-003
Otu000041	Root;Bacteria;Verrucomicrobia;Verrucomicrobiae;Verrucomicrobiales;Verrucomicrobiaceae;Akkermansia	1.0	Root	Bacteria	Verrucomicrobia	Verrucomicrobiae	Verrucomicrobiales	Verrucomicrobiaceae	Akkermansia	unclassified_Akkermansia
Otu000101	Root;Bacteria;Actinobacteria;Coriobacteriia;Coriobacteriales;Coriobacteriaceae	1.0	Root	Bacteria	Actinobacteria	Coriobacteriia	Coriobacteriales	Coriobacteriaceae	unclassified_Coriobacteriaceae	unclassified_Coriobacteriaceae
Otu000917	Root;Bacteria;Firmicutes;Negativicutes;Selenomonadales;Veillonellaceae;Megasphaera	1.0	Root	Bacteria	Firmicutes	Negativicutes	Selenomonadales	Veillonellaceae	Megasphaera	unclassified_Megasphaera
Otu000127	Root;Bacteria;Bacteroidetes;Bacteroidia;Bacteroidales;Prevotellaceae;Prevotella_7;uncultured_organism	1.0	Root	Bacteria	Bacteroidetes	Bacteroidia	Bacteroidales	Prevotellaceae	Prevotella_7	unclassified_Prevotella_7
Otu000139	Root;Bacteria;Firmicutes;Erysipelotrichia;Erysipelotrichales;Erysipelotrichaceae;Holdemanella;uncultured_bacterium	1.0	Root	Bacteria	Firmicutes	Erysipelotrichia	Erysipelotrichales	Erysipelotrichaceae	Holdemanella	unclassified_Holdemanella
Otu000625	Root;Bacteria;Firmicutes;Bacilli;Lactobacillales;Lactobacillaceae;Lactobacillus;Lactobacillus_agilis	1.0	Root	Bacteria	Firmicutes	Bacilli	Lactobacillales	Lactobacillaceae	Lactobacillus	Lactobacillus_agilis
Otu000341	Root;Bacteria;Bacteroidetes;Bacteroidia;Bacteroidales;Prevotellaceae;Prevotella_7	1.0	Root	Bacteria	Bacteroidetes	Bacteroidia	Bacteroidales	Prevotellaceae	Prevotella_7	unclassified_Prevotella_7
Otu000046	Root;Bacteria;Firmicutes;Negativicutes;Selenomonadales;Veillonellaceae;Veillonella;Veillonella_magna_DSM_19857	0.97	Root	Bacteria	Firmicutes	Negativicutes	Selenomonadales	Veillonellaceae	Veillonella	Veillonella_magna_DSM_19857
Otu000288	Root;Bacteria;Firmicutes;Clostridia;Clostridiales;Lachnospiraceae;Lachnospira;uncultured_bacterium	0.8	Root	Bacteria	Firmicutes	Clostridia	Clostridiales	Lachnospiraceae	Lachnospira	unclassified_Lachnospira
Otu000060	Root;Bacteria;Cyanobacteria;Melainabacteria;Gastranaerophilales;uncultured_bacterium	1.0	Root	Bacteria	Cyanobacteria	Melainabacteria	Gastranaerophilales	unclassified_Gastranaerophilales	unclassified_Gastranaerophilales	unclassified_Gastranaerophilales
Otu000111	Root;Bacteria;Firmicutes;Negativicutes;Selenomonadales;Veillonellaceae;Allisonella;uncultured_bacterium	1.0	Root	Bacteria	Firmicutes	Negativicutes	Selenomonadales	Veillonellaceae	Allisonella	unclassified_Allisonella
Otu000028	Root;Bacteria;Firmicutes;Clostridia;Clostridiales;Ruminococcaceae;Ruminococcaceae_UCG-002;uncultured_bacterium	0.91	Root	Bacteria	Firmicutes	Clostridia	Clostridiales	Ruminococcaceae	Ruminococcaceae_UCG-002	unclassified_Ruminococcaceae_UCG-002
Otu000091	Root;Bacteria;Firmicutes;Negativicutes;Selenomonadales;Acidaminococcaceae;Phascolarctobacterium	1.0	Root	Bacteria	Firmicutes	Negativicutes	Selenomonadales	Acidaminococcaceae	Phascolarctobacterium	unclassified_Phascolarctobacterium
Otu000153	Root;Bacteria;Cyanobacteria;Melainabacteria;Gastranaerophilales;uncultured_bacterium	1.0	Root	Bacteria	Cyanobacteria	Melainabacteria	Gastranaerophilales	unclassified_Gastranaerophilales	unclassified_Gastranaerophilales	unclassified_Gastranaerophilales
Otu000043	Root;Bacteria;Firmicutes;Clostridia;Clostridiales;Ruminococcaceae;[Eubacterium]_coprostanoligenes_group;Eubacterium_coprostanoligenes	0.85	Root	Bacteria	Firmicutes	Clostridia	Clostridiales	Ruminococcaceae	[Eubacterium]_coprostanoligenes_group	Eubacterium_coprostanoligenes
Otu000075	Root;Bacteria;Firmicutes;Bacilli;Lactobacillales;Lactobacillaceae;Lactobacillus	1.0	Root	Bacteria	Firmicutes	Bacilli	Lactobacillales	Lactobacillaceae	Lactobacillus	unclassified_Lactobacillus
Otu000955	Root;Bacteria;Bacteroidetes;Bacteroidia;Bacteroidales;Prevotellaceae	1.0	Root	Bacteria	Bacteroidetes	Bacteroidia	Bacteroidales	Prevotellaceae	unclassified_Prevotellaceae	unclassified_Prevotellaceae
Otu000561	Root;Bacteria;Bacteroidetes;Bacteroidia;Bacteroidales;Prevotellaceae;Alloprevotella;uncultured_organism	0.88	Root	Bacteria	Bacteroidetes	Bacteroidia	Bacteroidales	Prevotellaceae	Alloprevotella	unclassified_Alloprevotella
Otu000454	Root;Bacteria;Bacteroidetes;Bacteroidia;Bacteroidales;Bacteroidaceae;Bacteroides;Bacteroides_stercoris_ATCC_43183	1.0	Root	Bacteria	Bacteroidetes	Bacteroidia	Bacteroidales	Bacteroidaceae	Bacteroides	Bacteroides_stercoris_ATCC_43183
Otu000085	Root;Bacteria;Proteobacteria;Epsilonproteobacteria;Campylobacterales;Helicobacteraceae;Helicobacter	1.0	Root	Bacteria	Proteobacteria	Epsilonproteobacteria	Campylobacterales	Helicobacteraceae	Helicobacter	unclassified_Helicobacter
Otu000386	Root;Bacteria;Bacteroidetes;Bacteroidia;Bacteroidales;Prevotellaceae;Alloprevotella;uncultured_organism	1.0	Root	Bacteria	Bacteroidetes	Bacteroidia	Bacteroidales	Prevotellaceae	Alloprevotella	unclassified_Alloprevotella
Otu000423	Root;Bacteria;Proteobacteria;Epsilonproteobacteria;Campylobacterales;Campylobacteraceae;Campylobacter	1.0	Root	Bacteria	Proteobacteria	Epsilonproteobacteria	Campylobacterales	Campylobacteraceae	Campylobacter	unclassified_Campylobacter
Otu000167	Root;Bacteria;Firmicutes;Clostridia;Clostridiales;Lachnospiraceae;Dorea;Dorea_formicigenerans_ATCC_27755	0.99	Root	Bacteria	Firmicutes	Clostridia	Clostridiales	Lachnospiraceae	Dorea	Dorea_formicigenerans_ATCC_27755
Otu000388	Root;Bacteria;Firmicutes;Clostridia;Clostridiales;Lachnospiraceae;Blautia	1.0	Root	Bacteria	Firmicutes	Clostridia	Clostridiales	Lachnospiraceae	Blautia	unclassified_Blautia
Otu000185	Root;Bacteria;Tenericutes;Mollicutes;Anaeroplasmatales;Anaeroplasmataceae;Anaeroplasma;uncultured_bacterium	1.0	Root	Bacteria	Tenericutes	Mollicutes	Anaeroplasmatales	Anaeroplasmataceae	Anaeroplasma	unclassified_Anaeroplasma
Otu000314	Root;Bacteria;Firmicutes;Erysipelotrichia;Erysipelotrichales;Erysipelotrichaceae;Erysipelotrichaceae_UCG-004	0.8	Root	Bacteria	Firmicutes	Erysipelotrichia	Erysipelotrichales	Erysipelotrichaceae	Erysipelotrichaceae_UCG-004	unclassified_Erysipelotrichaceae_UCG-004
Otu000284	Root;Bacteria;Proteobacteria;Gammaproteobacteria;Enterobacteriales;Enterobacteriaceae;Providencia;Providencia_alcalifaciens	0.98	Root	Bacteria	Proteobacteria	Gammaproteobacteria	Enterobacteriales	Enterobacteriaceae	Providencia	Providencia_alcalifaciens
Otu000230	Root;Bacteria	0.99	Root	Bacteria	unclassified_Bacteria	unclassified_Bacteria	unclassified_Bacteria	unclassified_Bacteria	unclassified_Bacteria	unclassified_Bacteria
Otu000626	Root;Bacteria	1.0	Root	Bacteria	unclassified_Bacteria	unclassified_Bacteria	unclassified_Bacteria	unclassified_Bacteria	unclassified_Bacteria	unclassified_Bacteria
Otu000208	Root;Bacteria	0.97	Root	Bacteria	unclassified_Bacteria	unclassified_Bacteria	unclassified_Bacteria	unclassified_Bacteria	unclassified_Bacteria	unclassified_Bacteria
Otu000842	Root;Bacteria;Firmicutes;Bacilli;Lactobacillales;Streptococcaceae;Streptococcus;Streptococcus_anginosus	0.9	Root	Bacteria	Firmicutes	Bacilli	Lactobacillales	Streptococcaceae	Streptococcus	Streptococcus_anginosus
Otu000020	Root;Bacteria;Firmicutes;Clostridia;Clostridiales;Ruminococcaceae;[Eubacterium]_coprostanoligenes_group;human_gut_metagenome	1.0	Root	Bacteria	Firmicutes	Clostridia	Clostridiales	Ruminococcaceae	[Eubacterium]_coprostanoligenes_group	human_gut_metagenome
Otu000656	Root;Bacteria;Firmicutes;Bacilli;Lactobacillales;Lactobacillaceae;Lactobacillus	1.0	Root	Bacteria	Firmicutes	Bacilli	Lactobacillales	Lactobacillaceae	Lactobacillus	unclassified_Lactobacillus
Otu000247	Root;Bacteria;Firmicutes;Bacilli;Lactobacillales;Streptococcaceae;Streptococcus;Streptococcus_mutans	0.9	Root	Bacteria	Firmicutes	Bacilli	Lactobacillales	Streptococcaceae	Streptococcus	Streptococcus_mutans
Otu000323	Root;Bacteria;Bacteroidetes;Bacteroidia;Bacteroidales;Bacteroidaceae;Bacteroides	1.0	Root	Bacteria	Bacteroidetes	Bacteroidia	Bacteroidales	Bacteroidaceae	Bacteroides	unclassified_Bacteroides
Otu000592	Root;Bacteria;Firmicutes;Clostridia;Clostridiales;Ruminococcaceae;uncultured;Subdoligranulum_sp._4_3_54A2FAA	0.99	Root	Bacteria	Firmicutes	Clostridia	Clostridiales	Ruminococcaceae	unclassified_Ruminococcaceae	Subdoligranulum_sp._4_3_54A2FAA
Otu000219	Root;Bacteria;Firmicutes;Bacilli;Lactobacillales;Streptococcaceae;Streptococcus;Streptococcus_sobrinus	0.99	Root	Bacteria	Firmicutes	Bacilli	Lactobacillales	Streptococcaceae	Streptococcus	Streptococcus_sobrinus
Otu000113	Root;Bacteria;Firmicutes;Bacilli;Lactobacillales;Streptococcaceae;Streptococcus	1.0	Root	Bacteria	Firmicutes	Bacilli	Lactobacillales	Streptococcaceae	Streptococcus	unclassified_Streptococcus
Otu000251	Root;Bacteria;Actinobacteria;Coriobacteriia;Coriobacteriales;Coriobacteriaceae;Senegalimassilia	1.0	Root	Bacteria	Actinobacteria	Coriobacteriia	Coriobacteriales	Coriobacteriaceae	Senegalimassilia	unclassified_Senegalimassilia
Otu000197	Root;Bacteria;Bacteroidetes;Bacteroidia;Bacteroidales;Prevotellaceae;uncultured;uncultured_bacterium	1.0	Root	Bacteria	Bacteroidetes	Bacteroidia	Bacteroidales	Prevotellaceae	unclassified_Prevotellaceae	unclassified_Prevotellaceae
Otu000017	Root;Bacteria;Firmicutes;Erysipelotrichia;Erysipelotrichales;Erysipelotrichaceae;Catenibacterium	0.86	Root	Bacteria	Firmicutes	Erysipelotrichia	Erysipelotrichales	Erysipelotrichaceae	Catenibacterium	unclassified_Catenibacterium
Otu000128	Root;Bacteria;Firmicutes;Bacilli;Lactobacillales;Lactobacillaceae;Lactobacillus;Lactobacillus_ingluviei	1.0	Root	Bacteria	Firmicutes	Bacilli	Lactobacillales	Lactobacillaceae	Lactobacillus	Lactobacillus_ingluviei
Otu000201	Root;Bacteria;Firmicutes;Erysipelotrichia;Erysipelotrichales;Erysipelotrichaceae;Catenibacterium;uncultured_bacterium	0.98	Root	Bacteria	Firmicutes	Erysipelotrichia	Erysipelotrichales	Erysipelotrichaceae	Catenibacterium	unclassified_Catenibacterium
Otu000324	Root;Bacteria;Bacteroidetes;Bacteroidia;Bacteroidales;Porphyromonadaceae;Parabacteroides;Parabacteroides_goldsteinii	1.0	Root	Bacteria	Bacteroidetes	Bacteroidia	Bacteroidales	Porphyromonadaceae	Parabacteroides	Parabacteroides_goldsteinii
Otu000258	Root;Bacteria;Proteobacteria;Gammaproteobacteria	0.85	Root	Bacteria	Proteobacteria	Gammaproteobacteria	unclassified_Gammaproteobacteria	unclassified_Gammaproteobacteria	unclassified_Gammaproteobacteria	unclassified_Gammaproteobacteria
Otu000881	Root;Bacteria	0.99	Root	Bacteria	unclassified_Bacteria	unclassified_Bacteria	unclassified_Bacteria	unclassified_Bacteria	unclassified_Bacteria	unclassified_Bacteria
Otu000356	Root;Bacteria;Actinobacteria;Coriobacteriia;Coriobacteriales;Coriobacteriaceae;Collinsella	0.99	Root	Bacteria	Actinobacteria	Coriobacteriia	Coriobacteriales	Coriobacteriaceae	Collinsella	unclassified_Collinsella
Otu000897	Root;Bacteria;Firmicutes;Erysipelotrichia;Erysipelotrichales;Erysipelotrichaceae	0.98	Root	Bacteria	Firmicutes	Erysipelotrichia	Erysipelotrichales	Erysipelotrichaceae	unclassified_Erysipelotrichaceae	unclassified_Erysipelotrichaceae
Otu000546	Root;Bacteria;Proteobacteria;Gammaproteobacteria;Enterobacteriales;Enterobacteriaceae;Morganella	1.0	Root	Bacteria	Proteobacteria	Gammaproteobacteria	Enterobacteriales	Enterobacteriaceae	Morganella	unclassified_Morganella
Otu000648	Root;Bacteria;Firmicutes;Erysipelotrichia;Erysipelotrichales;Erysipelotrichaceae	0.99	Root	Bacteria	Firmicutes	Erysipelotrichia	Erysipelotrichales	Erysipelotrichaceae	unclassified_Erysipelotrichaceae	unclassified_Erysipelotrichaceae
Otu000700	Root;Bacteria;Firmicutes;Erysipelotrichia;Erysipelotrichales;Erysipelotrichaceae	0.94	Root	Bacteria	Firmicutes	Erysipelotrichia	Erysipelotrichales	Erysipelotrichaceae	unclassified_Erysipelotrichaceae	unclassified_Erysipelotrichaceae
Otu000442	Root;Bacteria;Firmicutes;Erysipelotrichia;Erysipelotrichales;Erysipelotrichaceae	0.98	Root	Bacteria	Firmicutes	Erysipelotrichia	Erysipelotrichales	Erysipelotrichaceae	unclassified_Erysipelotrichaceae	unclassified_Erysipelotrichaceae
Otu000758	Root;Bacteria;Firmicutes;Erysipelotrichia;Erysipelotrichales;Erysipelotrichaceae	0.95	Root	Bacteria	Firmicutes	Erysipelotrichia	Erysipelotrichales	Erysipelotrichaceae	unclassified_Erysipelotrichaceae	unclassified_Erysipelotrichaceae
Otu000223	Root;Bacteria;Firmicutes;Bacilli;Lactobacillales;Lactobacillaceae;Lactobacillus	1.0	Root	Bacteria	Firmicutes	Bacilli	Lactobacillales	Lactobacillaceae	Lactobacillus	unclassified_Lactobacillus
Otu000183	Root;Bacteria;Bacteroidetes;Bacteroidia;Bacteroidales;Bacteroidaceae;Bacteroides;Bacteroides_plebeius	1.0	Root	Bacteria	Bacteroidetes	Bacteroidia	Bacteroidales	Bacteroidaceae	Bacteroides	Bacteroides_plebeius
Otu000295	Root;Bacteria;Bacteroidetes;Bacteroidia;Bacteroidales;Rikenellaceae;Alistipes;uncultured_organism	0.99	Root	Bacteria	Bacteroidetes	Bacteroidia	Bacteroidales	Rikenellaceae	Alistipes	unclassified_Alistipes
Otu000349	Root;Bacteria;Firmicutes;Clostridia;Clostridiales;Family_XI;Ezakiella;uncultured_bacterium	0.93	Root	Bacteria	Firmicutes	Clostridia	Clostridiales	Clostridiales_Family_XI	Ezakiella	unclassified_Ezakiella
Otu000772	Root;Bacteria;Actinobacteria;Coriobacteriia;Coriobacteriales;Coriobacteriaceae;Collinsella	0.83	Root	Bacteria	Actinobacteria	Coriobacteriia	Coriobacteriales	Coriobacteriaceae	Collinsella	unclassified_Collinsella
Otu000073	Root;Bacteria;Firmicutes;Bacilli;Lactobacillales;Lactobacillaceae;Lactobacillus;Lactobacillus_oris_F0423	0.93	Root	Bacteria	Firmicutes	Bacilli	Lactobacillales	Lactobacillaceae	Lactobacillus	Lactobacillus_oris_F0423
Otu000352	Root;Bacteria;Bacteroidetes;Bacteroidia;Bacteroidales;Porphyromonadaceae;Porphyromonas	1.0	Root	Bacteria	Bacteroidetes	Bacteroidia	Bacteroidales	Porphyromonadaceae	Porphyromonas	unclassified_Porphyromonas
Otu000158	Root;Bacteria;Proteobacteria;Epsilonproteobacteria;Campylobacterales;Campylobacteraceae;Campylobacter	1.0	Root	Bacteria	Proteobacteria	Epsilonproteobacteria	Campylobacterales	Campylobacteraceae	Campylobacter	unclassified_Campylobacter
Otu000170	Root;Bacteria;Proteobacteria;Betaproteobacteria;Burkholderiales;Alcaligenaceae;Sutterella	1.0	Root	Bacteria	Proteobacteria	Betaproteobacteria	Burkholderiales	Alcaligenaceae	Sutterella	unclassified_Sutterella
Otu000380	Root;Bacteria;Firmicutes;Clostridia;Clostridiales;Ruminococcaceae;[Eubacterium]_coprostanoligenes_group;uncultured_organism	0.99	Root	Bacteria	Firmicutes	Clostridia	Clostridiales	Ruminococcaceae	[Eubacterium]_coprostanoligenes_group	unclassified_[Eubacterium]_coprostanoligenes_group
Otu000059	Root;Bacteria;Spirochaetae;Spirochaetes;Spirochaetales;Brachyspiraceae;Brachyspira;Brachyspira_pilosicoli	0.86	Root	Bacteria	Spirochaetae	Spirochaetes	Spirochaetales	Brachyspiraceae	Brachyspira	Brachyspira_pilosicoli
Otu000801	Root;Bacteria	0.93	Root	Bacteria	unclassified_Bacteria	unclassified_Bacteria	unclassified_Bacteria	unclassified_Bacteria	unclassified_Bacteria	unclassified_Bacteria
Otu000737	Root;Bacteria;Firmicutes;Clostridia;Clostridiales;Eubacteriaceae;Eubacterium;Eubacterium_limosum_KIST612	1.0	Root	Bacteria	Firmicutes	Clostridia	Clostridiales	Eubacteriaceae	Eubacterium	Eubacterium_limosum_KIST612
Otu000229	Root;Bacteria;Proteobacteria;Epsilonproteobacteria;Campylobacterales;Helicobacteraceae;Helicobacter	1.0	Root	Bacteria	Proteobacteria	Epsilonproteobacteria	Campylobacterales	Helicobacteraceae	Helicobacter	unclassified_Helicobacter
Otu000748	Root;Bacteria;Actinobacteria;Coriobacteriia;Coriobacteriales;Coriobacteriaceae;uncultured;uncultured_organism	1.0	Root	Bacteria	Actinobacteria	Coriobacteriia	Coriobacteriales	Coriobacteriaceae	unclassified_Coriobacteriaceae	unclassified_Coriobacteriaceae
Otu000164	Root;Bacteria;Proteobacteria;Deltaproteobacteria;Desulfovibrionales;Desulfovibrionaceae;Bilophila;Bilophila_wadsworthia	0.87	Root	Bacteria	Proteobacteria	Deltaproteobacteria	Desulfovibrionales	Desulfovibrionaceae	Bilophila	Bilophila_wadsworthia
Otu000190	Root;Bacteria;Proteobacteria;Deltaproteobacteria;Desulfovibrionales;Desulfovibrionaceae;Desulfovibrio	1.0	Root	Bacteria	Proteobacteria	Deltaproteobacteria	Desulfovibrionales	Desulfovibrionaceae	Desulfovibrio	unclassified_Desulfovibrio
Otu000054	Root;Bacteria;Fusobacteria;Fusobacteriia;Fusobacteriales;Fusobacteriaceae;Fusobacterium;Fusobacterium_necrophorum	1.0	Root	Bacteria	Fusobacteria	Fusobacteriia	Fusobacteriales	Fusobacteriaceae	Fusobacterium	Fusobacterium_necrophorum
Otu000083	Root;Bacteria;Bacteroidetes;Bacteroidia;Bacteroidales;Prevotellaceae;Alloprevotella;Alloprevotella_tannerae	1.0	Root	Bacteria	Bacteroidetes	Bacteroidia	Bacteroidales	Prevotellaceae	Alloprevotella	Alloprevotella_tannerae
Otu000662	Root;Bacteria;Firmicutes;Negativicutes;Selenomonadales;Veillonellaceae;Megasphaera;Megasphaera_elsdenii_DSM_20460	0.89	Root	Bacteria	Firmicutes	Negativicutes	Selenomonadales	Veillonellaceae	Megasphaera	Megasphaera_elsdenii_DSM_20460
Otu000193	Root;Bacteria;Firmicutes;Bacilli;Lactobacillales;Lactobacillaceae;Lactobacillus;Lactobacillus_animalis	1.0	Root	Bacteria	Firmicutes	Bacilli	Lactobacillales	Lactobacillaceae	Lactobacillus	Lactobacillus_animalis
Otu000646	Root;Bacteria;Bacteroidetes;Bacteroidia;Bacteroidales;Porphyromonadaceae;Parabacteroides	0.99	Root	Bacteria	Bacteroidetes	Bacteroidia	Bacteroidales	Porphyromonadaceae	Parabacteroides	unclassified_Parabacteroides
Otu000233	Root;Bacteria;Firmicutes;Clostridia;Clostridiales;Ruminococcaceae;Ruminococcaceae_UCG-013;uncultured_organism	0.85	Root	Bacteria	Firmicutes	Clostridia	Clostridiales	Ruminococcaceae	Ruminococcaceae_UCG-013	unclassified_Ruminococcaceae_UCG-013
Otu000351	Root;Bacteria;Firmicutes;Clostridia;Clostridiales;Ruminococcaceae;Ruminiclostridium;uncultured_bacterium	0.85	Root	Bacteria	Firmicutes	Clostridia	Clostridiales	Ruminococcaceae	Ruminiclostridium	unclassified_Ruminiclostridium
Otu000309	Root;Bacteria;Firmicutes;Erysipelotrichia;Erysipelotrichales;Erysipelotrichaceae;Erysipelatoclostridium	1.0	Root	Bacteria	Firmicutes	Erysipelotrichia	Erysipelotrichales	Erysipelotrichaceae	Erysipelatoclostridium	unclassified_Erysipelatoclostridium
Otu000235	Root;Bacteria;Firmicutes;Clostridia;Clostridiales;Lachnospiraceae	1.0	Root	Bacteria	Firmicutes	Clostridia	Clostridiales	Lachnospiraceae	unclassified_Lachnospiraceae	unclassified_Lachnospiraceae
Otu000256	Root;Bacteria;Firmicutes;Clostridia;Clostridiales;Ruminococcaceae;Ruminococcus_1	0.99	Root	Bacteria	Firmicutes	Clostridia	Clostridiales	Ruminococcaceae	Ruminococcus_1	unclassified_Ruminococcus_1
Otu000168	Root;Bacteria;Firmicutes;Clostridia;Clostridiales;Lachnospiraceae;Lachnospiraceae_UCG-003	1.0	Root	Bacteria	Firmicutes	Clostridia	Clostridiales	Lachnospiraceae	Lachnospiraceae_UCG-003	unclassified_Lachnospiraceae_UCG-003
Otu000500	Root;Bacteria;Firmicutes;Clostridia;Clostridiales;Ruminococcaceae;uncultured;human_gut_metagenome	1.0	Root	Bacteria	Firmicutes	Clostridia	Clostridiales	Ruminococcaceae	unclassified_Ruminococcaceae	human_gut_metagenome
Otu000365	Root;Bacteria;Firmicutes;Clostridia;Clostridiales;Ruminococcaceae;Ruminococcaceae_UCG-005;uncultured_prokaryote	0.96	Root	Bacteria	Firmicutes	Clostridia	Clostridiales	Ruminococcaceae	Ruminococcaceae_UCG-005	unclassified_Ruminococcaceae_UCG-005
Otu000543	Root;Bacteria;Firmicutes;Clostridia;Clostridiales;Ruminococcaceae;Oscillospira;uncultured_bacterium	0.9	Root	Bacteria	Firmicutes	Clostridia	Clostridiales	Ruminococcaceae	Oscillospira	unclassified_Oscillospira
Otu000747	Root;Bacteria;Firmicutes;Clostridia;Clostridiales;Lachnospiraceae;Lachnoclostridium;human_gut_metagenome	0.96	Root	Bacteria	Firmicutes	Clostridia	Clostridiales	Lachnospiraceae	Lachnoclostridium	human_gut_metagenome
Otu000358	Root;Bacteria;Firmicutes;Clostridia;Clostridiales;Eubacteriaceae;Anaerofustis	1.0	Root	Bacteria	Firmicutes	Clostridia	Clostridiales	Eubacteriaceae	Anaerofustis	unclassified_Anaerofustis
Otu000593	Root;Bacteria;Firmicutes;Clostridia;Clostridiales	0.8	Root	Bacteria	Firmicutes	Clostridia	Clostridiales	unclassified_Clostridiales	unclassified_Clostridiales	unclassified_Clostridiales
Otu000272	Root;Bacteria;Bacteroidetes;Bacteroidia;Bacteroidales;Bacteroidaceae;Bacteroides	0.88	Root	Bacteria	Bacteroidetes	Bacteroidia	Bacteroidales	Bacteroidaceae	Bacteroides	unclassified_Bacteroides
Otu000952	Root;Bacteria;Firmicutes;Clostridia;Clostridiales;Ruminococcaceae;Ruminiclostridium;[Clostridium]_methylpentosum_DSM_5476	1.0	Root	Bacteria	Firmicutes	Clostridia	Clostridiales	Ruminococcaceae	Ruminiclostridium	[Clostridium]_methylpentosum_DSM_5476
Otu000790	Root;Bacteria;Proteobacteria;Gammaproteobacteria;Pseudomonadales;Moraxellaceae;Moraxella;Moraxella_catarrhalis	1.0	Root	Bacteria	Proteobacteria	Gammaproteobacteria	Pseudomonadales	Moraxellaceae	Moraxella	Moraxella_catarrhalis
Otu000843	Root;Bacteria;Firmicutes;Erysipelotrichia;Erysipelotrichales;Erysipelotrichaceae;Erysipelotrichaceae_UCG-004;uncultured_bacterium	1.0	Root	Bacteria	Firmicutes	Erysipelotrichia	Erysipelotrichales	Erysipelotrichaceae	Erysipelotrichaceae_UCG-004	unclassified_Erysipelotrichaceae_UCG-004
Otu000047	Root;Bacteria;Proteobacteria;Betaproteobacteria;Burkholderiales;Comamonadaceae;Comamonas	0.98	Root	Bacteria	Proteobacteria	Betaproteobacteria	Burkholderiales	Comamonadaceae	Comamonas	unclassified_Comamonas
Otu000064	Root;Bacteria;Firmicutes;Clostridia;Clostridiales;Ruminococcaceae;Ruminococcaceae_UCG-002;uncultured_organism	0.97	Root	Bacteria	Firmicutes	Clostridia	Clostridiales	Ruminococcaceae	Ruminococcaceae_UCG-002	unclassified_Ruminococcaceae_UCG-002
Otu000214	Root;Bacteria;Firmicutes;Negativicutes;Selenomonadales;Veillonellaceae;Dialister;Dialister_propionicifaciens	0.95	Root	Bacteria	Firmicutes	Negativicutes	Selenomonadales	Veillonellaceae	Dialister	Dialister_propionicifaciens
Otu000071	Root;Bacteria;Bacteroidetes;Bacteroidia;Bacteroidales;Rikenellaceae;Rikenellaceae_RC9_gut_group;uncultured_bacterium	0.99	Root	Bacteria	Bacteroidetes	Bacteroidia	Bacteroidales	Rikenellaceae	Rikenellaceae_RC9_gut_group	unclassified_Rikenellaceae_RC9_gut_group
Otu000074	Root;Bacteria;Firmicutes;Clostridia;Clostridiales;Ruminococcaceae;[Eubacterium]_coprostanoligenes_group	1.0	Root	Bacteria	Firmicutes	Clostridia	Clostridiales	Ruminococcaceae	[Eubacterium]_coprostanoligenes_group	unclassified_[Eubacterium]_coprostanoligenes_group
Otu000082	Root;Bacteria;Bacteroidetes;Bacteroidia;Bacteroidales;Bacteroidaceae;Bacteroides;Bacteroides_coprocola_DSM_17136	1.0	Root	Bacteria	Bacteroidetes	Bacteroidia	Bacteroidales	Bacteroidaceae	Bacteroides	Bacteroides_coprocola_DSM_17136
Otu000126	Root;Bacteria;Proteobacteria;Gammaproteobacteria;Enterobacteriales;Enterobacteriaceae;Leminorella	0.83	Root	Bacteria	Proteobacteria	Gammaproteobacteria	Enterobacteriales	Enterobacteriaceae	Leminorella	unclassified_Leminorella
Otu000143	Root;Bacteria;Bacteroidetes;Bacteroidia;Bacteroidales;Prevotellaceae;Alloprevotella;uncultured_organism	1.0	Root	Bacteria	Bacteroidetes	Bacteroidia	Bacteroidales	Prevotellaceae	Alloprevotella	unclassified_Alloprevotella
Otu000276	Root;Bacteria;Firmicutes;Negativicutes;Selenomonadales;Acidaminococcaceae;Phascolarctobacterium	1.0	Root	Bacteria	Firmicutes	Negativicutes	Selenomonadales	Acidaminococcaceae	Phascolarctobacterium	unclassified_Phascolarctobacterium
Otu000156	Root;Bacteria;Firmicutes;Clostridia;Clostridiales;Lachnospiraceae;uncultured_organism	0.96	Root	Bacteria	Firmicutes	Clostridia	Clostridiales	Lachnospiraceae	unclassified_Lachnospiraceae	unclassified_Lachnospiraceae
Otu000092	Root;Bacteria;Firmicutes;Clostridia;Clostridiales;Ruminococcaceae;Ruminococcaceae_UCG-013	0.97	Root	Bacteria	Firmicutes	Clostridia	Clostridiales	Ruminococcaceae	Ruminococcaceae_UCG-013	unclassified_Ruminococcaceae_UCG-013
Otu000221	Root;Bacteria;Firmicutes;Clostridia;Clostridiales;Family_XIII;Family_XIII_AD3011_group;uncultured_organism	1.0	Root	Bacteria	Firmicutes	Clostridia	Clostridiales	Clostridiales_Family_XIII	Family_XIII_AD3011_group	unclassified_Family_XIII_AD3011_group
Otu000456	Root;Bacteria;Bacteroidetes;Bacteroidia;Bacteroidales;Porphyromonadaceae;Parabacteroides;Parabacteroides_johnsonii	0.8	Root	Bacteria	Bacteroidetes	Bacteroidia	Bacteroidales	Porphyromonadaceae	Parabacteroides	Parabacteroides_johnsonii
Otu000238	Root;Bacteria;Firmicutes;Clostridia;Clostridiales;Ruminococcaceae;Ruminiclostridium_6;uncultured_bacterium	1.0	Root	Bacteria	Firmicutes	Clostridia	Clostridiales	Ruminococcaceae	Ruminiclostridium_6	unclassified_Ruminiclostridium_6
Otu000120	Root;Bacteria;Firmicutes;Clostridia;Clostridiales;Ruminococcaceae;Ruminococcaceae_UCG-005;uncultured_organism	0.96	Root	Bacteria	Firmicutes	Clostridia	Clostridiales	Ruminococcaceae	Ruminococcaceae_UCG-005	unclassified_Ruminococcaceae_UCG-005
Otu000498	Root;Bacteria;Firmicutes;Clostridia;Clostridiales;Lachnospiraceae	1.0	Root	Bacteria	Firmicutes	Clostridia	Clostridiales	Lachnospiraceae	unclassified_Lachnospiraceae	unclassified_Lachnospiraceae
Otu000206	Root;Bacteria;Proteobacteria;Gammaproteobacteria;Aeromonadales;Succinivibrionaceae;Succinivibrio	0.91	Root	Bacteria	Proteobacteria	Gammaproteobacteria	Aeromonadales	Succinivibrionaceae	Succinivibrio	unclassified_Succinivibrio
Otu000603	Root;Bacteria;Bacteroidetes;Bacteroidia;Bacteroidales;Porphyromonadaceae;Barnesiella;uncultured_organism	0.99	Root	Bacteria	Bacteroidetes	Bacteroidia	Bacteroidales	Porphyromonadaceae	Barnesiella	unclassified_Barnesiella
Otu000160	Root;Bacteria;Bacteroidetes;Bacteroidia;Bacteroidales;Porphyromonadaceae;Parabacteroides	1.0	Root	Bacteria	Bacteroidetes	Bacteroidia	Bacteroidales	Porphyromonadaceae	Parabacteroides	unclassified_Parabacteroides
Otu000252	Root;Bacteria;Firmicutes;Clostridia;Clostridiales;Lachnospiraceae;[Eubacterium]_oxidoreducens_group;uncultured_organism	0.92	Root	Bacteria	Firmicutes	Clostridia	Clostridiales	Lachnospiraceae	[Eubacterium]_oxidoreducens_group	unclassified_[Eubacterium]_oxidoreducens_group
Otu000728	Root;Bacteria;Bacteroidetes;Bacteroidia;Bacteroidales;Rikenellaceae;Alistipes;Alistipes_indistinctus_YIT_12060	0.94	Root	Bacteria	Bacteroidetes	Bacteroidia	Bacteroidales	Rikenellaceae	Alistipes	Alistipes_indistinctus_YIT_12060
Otu000518	Root;Bacteria;Firmicutes;Clostridia;Clostridiales;Ruminococcaceae;Ruminiclostridium_9;uncultured_Clostridia_bacterium	0.81	Root	Bacteria	Firmicutes	Clostridia	Clostridiales	Ruminococcaceae	Ruminiclostridium_9	unclassified_Ruminiclostridium_9
Otu000232	Root;Bacteria;Firmicutes;Clostridia;Clostridiales;Lachnospiraceae;Coprococcus_1;uncultured_organism	0.89	Root	Bacteria	Firmicutes	Clostridia	Clostridiales	Lachnospiraceae	Coprococcus_1	unclassified_Coprococcus_1
Otu000445	Root;Bacteria;Firmicutes;Bacilli;Lactobacillales;Streptococcaceae;Lactococcus	1.0	Root	Bacteria	Firmicutes	Bacilli	Lactobacillales	Streptococcaceae	Lactococcus	unclassified_Lactococcus
Otu000458	Root;Bacteria;Proteobacteria;Alphaproteobacteria;Rhodospirillales;Rhodospirillaceae;Thalassospira	1.0	Root	Bacteria	Proteobacteria	Alphaproteobacteria	Rhodospirillales	Rhodospirillaceae	Thalassospira	unclassified_Thalassospira
Otu000381	Root;Bacteria;Bacteroidetes;Bacteroidia;Bacteroidales;Porphyromonadaceae;Porphyromonas;Porphyromonas_somerae	1.0	Root	Bacteria	Bacteroidetes	Bacteroidia	Bacteroidales	Porphyromonadaceae	Porphyromonas	Porphyromonas_somerae
Otu000574	Root;Bacteria;Proteobacteria;Gammaproteobacteria;Pasteurellales;Pasteurellaceae;Aggregatibacter	1.0	Root	Bacteria	Proteobacteria	Gammaproteobacteria	Pasteurellales	Pasteurellaceae	Aggregatibacter	unclassified_Aggregatibacter
Otu000294	Root;Bacteria;Bacteroidetes;Bacteroidia;Bacteroidales;Rikenellaceae;Alistipes	1.0	Root	Bacteria	Bacteroidetes	Bacteroidia	Bacteroidales	Rikenellaceae	Alistipes	unclassified_Alistipes
Otu000155	Root;Bacteria;Firmicutes;Clostridia;Clostridiales;Ruminococcaceae;Ruminococcus_1;human_gut_metagenome	0.99	Root	Bacteria	Firmicutes	Clostridia	Clostridiales	Ruminococcaceae	Ruminococcus_1	human_gut_metagenome
Otu000738	Root;Bacteria;Bacteroidetes;Bacteroidia;Bacteroidales;Bacteroidaceae;Bacteroides;Bacteroides_acidifaciens	0.98	Root	Bacteria	Bacteroidetes	Bacteroidia	Bacteroidales	Bacteroidaceae	Bacteroides	Bacteroides_acidifaciens
Otu000798	Root;Bacteria;Firmicutes;Clostridia;Clostridiales;Lachnospiraceae	1.0	Root	Bacteria	Firmicutes	Clostridia	Clostridiales	Lachnospiraceae	unclassified_Lachnospiraceae	unclassified_Lachnospiraceae
Otu000472	Root;Bacteria;Bacteroidetes;Bacteroidia;Bacteroidales;Porphyromonadaceae;Parabacteroides	1.0	Root	Bacteria	Bacteroidetes	Bacteroidia	Bacteroidales	Porphyromonadaceae	Parabacteroides	unclassified_Parabacteroides
Otu000169	Root;Bacteria;Firmicutes;Clostridia;Clostridiales;Family_XIII;Family_XIII_AD3011_group;uncultured_bacterium	0.99	Root	Bacteria	Firmicutes	Clostridia	Clostridiales	Clostridiales_Family_XIII	Family_XIII_AD3011_group	unclassified_Family_XIII_AD3011_group
Otu000608	Root;Bacteria;Actinobacteria;Coriobacteriia;Coriobacteriales;Coriobacteriaceae;Atopobium	1.0	Root	Bacteria	Actinobacteria	Coriobacteriia	Coriobacteriales	Coriobacteriaceae	Atopobium	unclassified_Atopobium
Otu000218	Root;Bacteria;Firmicutes;Clostridia;Clostridiales;Family_XIII;Family_XIII_UCG-001;uncultured_bacterium	0.99	Root	Bacteria	Firmicutes	Clostridia	Clostridiales	Clostridiales_Family_XIII	Family_XIII_UCG-001	unclassified_Family_XIII_UCG-001
Otu000275	Root;Bacteria;Firmicutes;Clostridia;Clostridiales	0.86	Root	Bacteria	Firmicutes	Clostridia	Clostridiales	unclassified_Clostridiales	unclassified_Clostridiales	unclassified_Clostridiales
Otu000182	Root;Bacteria;Bacteroidetes;Bacteroidia;Bacteroidales;Bacteroidaceae;Bacteroides	1.0	Root	Bacteria	Bacteroidetes	Bacteroidia	Bacteroidales	Bacteroidaceae	Bacteroides	unclassified_Bacteroides
Otu000308	Root;Bacteria;Firmicutes;Negativicutes;Selenomonadales;Veillonellaceae;Dialister;Dialister_pneumosintes	1.0	Root	Bacteria	Firmicutes	Negativicutes	Selenomonadales	Veillonellaceae	Dialister	Dialister_pneumosintes
Otu000585	Root;Bacteria;Firmicutes;Clostridia;Clostridiales;Ruminococcaceae;[Eubacterium]_coprostanoligenes_group	1.0	Root	Bacteria	Firmicutes	Clostridia	Clostridiales	Ruminococcaceae	[Eubacterium]_coprostanoligenes_group	unclassified_[Eubacterium]_coprostanoligenes_group
Otu000976	Root;Bacteria;Proteobacteria;Deltaproteobacteria;Desulfovibrionales;Desulfovibrionaceae;Bilophila;uncultured_bacterium	0.89	Root	Bacteria	Proteobacteria	Deltaproteobacteria	Desulfovibrionales	Desulfovibrionaceae	Bilophila	unclassified_Bilophila
Otu000391	Root;Bacteria;Firmicutes;Clostridia;Clostridiales;Ruminococcaceae	1.0	Root	Bacteria	Firmicutes	Clostridia	Clostridiales	Ruminococcaceae	unclassified_Ruminococcaceae	unclassified_Ruminococcaceae
Otu000145	Root;Bacteria;Firmicutes;Erysipelotrichia;Erysipelotrichales;Erysipelotrichaceae;Asteroleplasma;uncultured_bacterium	1.0	Root	Bacteria	Firmicutes	Erysipelotrichia	Erysipelotrichales	Erysipelotrichaceae	Asteroleplasma	unclassified_Asteroleplasma
Otu000462	Root;Bacteria;Bacteroidetes;Bacteroidia;Bacteroidales;Bacteroidaceae;Bacteroides;Bacteroidaceae_bacterium_DJF_B220	1.0	Root	Bacteria	Bacteroidetes	Bacteroidia	Bacteroidales	Bacteroidaceae	Bacteroides	Bacteroidaceae_bacterium_DJF_B220
Otu000847	Root;Bacteria;Proteobacteria;Gammaproteobacteria;Aeromonadales;Succinivibrionaceae;Succinatimonas;Succinatimonas_hippei	1.0	Root	Bacteria	Proteobacteria	Gammaproteobacteria	Aeromonadales	Succinivibrionaceae	Succinatimonas	Succinatimonas_hippei
Otu000575	Root;Bacteria;Firmicutes;Clostridia;Clostridiales;Clostridiales_vadinBB60_group;uncultured_bacterium	0.99	Root	Bacteria	Firmicutes	Clostridia	Clostridiales	Clostridiales_vadinBB60_group	unclassified_Clostridiales_vadinBB60_group	unclassified_Clostridiales_vadinBB60_group
Otu000226	Root;Bacteria;Fusobacteria;Fusobacteriia;Fusobacteriales;Fusobacteriaceae;Cetobacterium;uncultured_bacterium	1.0	Root	Bacteria	Fusobacteria	Fusobacteriia	Fusobacteriales	Fusobacteriaceae	Cetobacterium	unclassified_Cetobacterium
Otu000320	Root;Bacteria;Firmicutes;Clostridia;Clostridiales;Ruminococcaceae;Ruminococcaceae_NK4A214_group	1.0	Root	Bacteria	Firmicutes	Clostridia	Clostridiales	Ruminococcaceae	Ruminococcaceae_NK4A214_group	unclassified_Ruminococcaceae_NK4A214_group
Otu000823	Root;Bacteria;Bacteroidetes;Bacteroidia;Bacteroidales;Bacteroidales_S24-7_group;uncultured_bacterium	0.8	Root	Bacteria	Bacteroidetes	Bacteroidia	Bacteroidales	Bacteroidales_S24-7_group	unclassified_Bacteroidales_S24-7_group	unclassified_Bacteroidales_S24-7_group
Otu000307	Root;Bacteria;Firmicutes;Clostridia;Clostridiales;Ruminococcaceae;Anaerotruncus;uncultured_bacterium_adhufec101	0.92	Root	Bacteria	Firmicutes	Clostridia	Clostridiales	Ruminococcaceae	Anaerotruncus	unclassified_Anaerotruncus
Otu000516	Root;Bacteria	0.98	Root	Bacteria	unclassified_Bacteria	unclassified_Bacteria	unclassified_Bacteria	unclassified_Bacteria	unclassified_Bacteria	unclassified_Bacteria
Otu000686	Root;Bacteria;Bacteroidetes;Bacteroidia;Bacteroidales;Rikenellaceae;Alistipes	1.0	Root	Bacteria	Bacteroidetes	Bacteroidia	Bacteroidales	Rikenellaceae	Alistipes	unclassified_Alistipes
Otu000371	Root;Bacteria;Firmicutes;Clostridia;Clostridiales;Lachnospiraceae	1.0	Root	Bacteria	Firmicutes	Clostridia	Clostridiales	Lachnospiraceae	unclassified_Lachnospiraceae	unclassified_Lachnospiraceae
Otu000573	Root;Bacteria;Bacteroidetes;Bacteroidia;Bacteroidales;Porphyromonadaceae;Butyricimonas;uncultured_bacterium	0.91	Root	Bacteria	Bacteroidetes	Bacteroidia	Bacteroidales	Porphyromonadaceae	Butyricimonas	unclassified_Butyricimonas
Otu000856	Root;Bacteria;Firmicutes;Erysipelotrichia;Erysipelotrichales;Erysipelotrichaceae;Erysipelatoclostridium;uncultured_bacterium	1.0	Root	Bacteria	Firmicutes	Erysipelotrichia	Erysipelotrichales	Erysipelotrichaceae	Erysipelatoclostridium	unclassified_Erysipelatoclostridium
Otu000553	Root;Bacteria;Actinobacteria;Actinobacteria;Corynebacteriales;Corynebacteriaceae;Corynebacterium	0.91	Root	Bacteria	Actinobacteria	Actinobacteria	Corynebacteriales	Corynebacteriaceae	Corynebacterium	unclassified_Corynebacterium
Otu000508	Root;Bacteria;Bacteroidetes;Bacteroidia;Bacteroidales;Porphyromonadaceae;Barnesiella;Coprobacter_sp._177	1.0	Root	Bacteria	Bacteroidetes	Bacteroidia	Bacteroidales	Porphyromonadaceae	Barnesiella	Coprobacter_sp._177
Otu000647	Root;Bacteria;Firmicutes;Clostridia;Clostridiales;Ruminococcaceae;Oscillibacter	0.97	Root	Bacteria	Firmicutes	Clostridia	Clostridiales	Ruminococcaceae	Oscillibacter	unclassified_Oscillibacter
Otu000828	Root;Bacteria;Actinobacteria;Actinobacteria;Bifidobacteriales;Bifidobacteriaceae;Bifidobacterium	0.98	Root	Bacteria	Actinobacteria	Actinobacteria	Bifidobacteriales	Bifidobacteriaceae	Bifidobacterium	unclassified_Bifidobacterium
Otu000882	Root;Bacteria;Actinobacteria;Actinobacteria;Bifidobacteriales;Bifidobacteriaceae;Bifidobacterium	0.93	Root	Bacteria	Actinobacteria	Actinobacteria	Bifidobacteriales	Bifidobacteriaceae	Bifidobacterium	unclassified_Bifidobacterium
Otu000657	Root;Bacteria;Firmicutes;Bacilli;Lactobacillales;Lactobacillaceae;Lactobacillus	0.96	Root	Bacteria	Firmicutes	Bacilli	Lactobacillales	Lactobacillaceae	Lactobacillus	unclassified_Lactobacillus
Otu000609	Root;Bacteria;Firmicutes;Bacilli;Lactobacillales;Lactobacillaceae;Pediococcus	1.0	Root	Bacteria	Firmicutes	Bacilli	Lactobacillales	Lactobacillaceae	Pediococcus	unclassified_Pediococcus
Otu000753	Root;Bacteria;Proteobacteria;Gammaproteobacteria;Enterobacteriales;Enterobacteriaceae;Escherichia-Shigella	1.0	Root	Bacteria	Proteobacteria	Gammaproteobacteria	Enterobacteriales	Enterobacteriaceae	Escherichia-Shigella	unclassified_Escherichia-Shigella
Otu000923	Root;Bacteria;Firmicutes;Clostridia;Clostridiales;Christensenellaceae;Christensenellaceae_R-7_group;uncultured_prokaryote	0.98	Root	Bacteria	Firmicutes	Clostridia	Clostridiales	Christensenellaceae	Christensenellaceae_R-7_group	unclassified_Christensenellaceae_R-7_group
Otu000830	Root;Bacteria;Proteobacteria;Gammaproteobacteria;Enterobacteriales;Enterobacteriaceae	0.94	Root	Bacteria	Proteobacteria	Gammaproteobacteria	Enterobacteriales	Enterobacteriaceae	unclassified_Enterobacteriaceae	unclassified_Enterobacteriaceae
Otu000716	Root;Bacteria;Proteobacteria;Gammaproteobacteria;Enterobacteriales;Enterobacteriaceae;Escherichia-Shigella	0.94	Root	Bacteria	Proteobacteria	Gammaproteobacteria	Enterobacteriales	Enterobacteriaceae	Escherichia-Shigella	unclassified_Escherichia-Shigella
Otu000598	Root;Bacteria;Bacteroidetes;Bacteroidia;Bacteroidales;Bacteroidales_S24-7_group	0.96	Root	Bacteria	Bacteroidetes	Bacteroidia	Bacteroidales	Bacteroidales_S24-7_group	unclassified_Bacteroidales_S24-7_group	unclassified_Bacteroidales_S24-7_group
Otu000597	Root;Bacteria;Proteobacteria;Deltaproteobacteria;Desulfovibrionales;Desulfovibrionaceae;Desulfovibrio;unidentified	1.0	Root	Bacteria	Proteobacteria	Deltaproteobacteria	Desulfovibrionales	Desulfovibrionaceae	Desulfovibrio	unclassified_Desulfovibrio
Otu000954	Root;Bacteria	0.96	Root	Bacteria	unclassified_Bacteria	unclassified_Bacteria	unclassified_Bacteria	unclassified_Bacteria	unclassified_Bacteria	unclassified_Bacteria
Otu000750	Root;Bacteria;Saccharibacteria;uncultured_bacterium_oral_clone_BE109	0.85	Root	Bacteria	Saccharibacteria	unclassified_Saccharibacteria	unclassified_Saccharibacteria	unclassified_Saccharibacteria	unclassified_Saccharibacteria	unclassified_Saccharibacteria
Otu000824	Root;Bacteria;Actinobacteria;Actinobacteria;Bifidobacteriales;Bifidobacteriaceae;Bifidobacterium	1.0	Root	Bacteria	Actinobacteria	Actinobacteria	Bifidobacteriales	Bifidobacteriaceae	Bifidobacterium	unclassified_Bifidobacterium
Otu000968	Root;Bacteria;Actinobacteria;Actinobacteria;Bifidobacteriales;Bifidobacteriaceae;Bifidobacterium	0.86	Root	Bacteria	Actinobacteria	Actinobacteria	Bifidobacteriales	Bifidobacteriaceae	Bifidobacterium	unclassified_Bifidobacterium
Otu000613	Root;Bacteria;Firmicutes;Bacilli;Lactobacillales;Lactobacillaceae;Lactobacillus	0.97	Root	Bacteria	Firmicutes	Bacilli	Lactobacillales	Lactobacillaceae	Lactobacillus	unclassified_Lactobacillus
Otu000744	Root;Bacteria;Proteobacteria;Gammaproteobacteria;Xanthomonadales;Xanthomonadaceae;Stenotrophomonas;[Pseudomonas]_geniculata	0.99	Root	Bacteria	Proteobacteria	Gammaproteobacteria	Xanthomonadales	Xanthomonadaceae	Stenotrophomonas	[Pseudomonas]_geniculata
Otu000409	Root;Bacteria;Firmicutes;Clostridia;Clostridiales;Clostridiaceae_1;Clostridium_sensu_stricto_1	0.99	Root	Bacteria	Firmicutes	Clostridia	Clostridiales	Clostridiaceae_1	Clostridium_sensu_stricto_1	unclassified_Clostridium_sensu_stricto_1
Otu000513	Root;Bacteria;Proteobacteria;Gammaproteobacteria;Enterobacteriales;Enterobacteriaceae;Escherichia-Shigella	0.99	Root	Bacteria	Proteobacteria	Gammaproteobacteria	Enterobacteriales	Enterobacteriaceae	Escherichia-Shigella	unclassified_Escherichia-Shigella
Otu000576	Root;Bacteria;Bacteroidetes;Bacteroidia;Bacteroidales;Rikenellaceae;Alistipes;Bacteroidales_bacterium_ph8	0.93	Root	Bacteria	Bacteroidetes	Bacteroidia	Bacteroidales	Rikenellaceae	Alistipes	Bacteroidales_bacterium_ph8
Otu000695	Root;Bacteria;Firmicutes;Clostridia;Clostridiales;Family_XI;Peptoniphilus	1.0	Root	Bacteria	Firmicutes	Clostridia	Clostridiales	Clostridiales_Family_XI	Peptoniphilus	unclassified_Peptoniphilus
Otu000849	Root;Bacteria;Proteobacteria;Gammaproteobacteria;Pseudomonadales;Moraxellaceae;Acinetobacter;Acinetobacter_ursingii	0.95	Root	Bacteria	Proteobacteria	Gammaproteobacteria	Pseudomonadales	Moraxellaceae	Acinetobacter	Acinetobacter_ursingii
Otu000465	Root;Bacteria;Bacteroidetes;Bacteroidia;Bacteroidales;Prevotellaceae;Alloprevotella;uncultured_bacterium	1.0	Root	Bacteria	Bacteroidetes	Bacteroidia	Bacteroidales	Prevotellaceae	Alloprevotella	unclassified_Alloprevotella
Otu000486	Root;Bacteria;Firmicutes;Clostridia;Clostridiales;Ruminococcaceae;Ruminococcaceae_UCG-002;uncultured_bacterium	0.97	Root	Bacteria	Firmicutes	Clostridia	Clostridiales	Ruminococcaceae	Ruminococcaceae_UCG-002	unclassified_Ruminococcaceae_UCG-002
Otu000542	Root;Bacteria;Bacteroidetes;Bacteroidia;Bacteroidales;Rikenellaceae;Rikenellaceae_RC9_gut_group;uncultured_bacterium	1.0	Root	Bacteria	Bacteroidetes	Bacteroidia	Bacteroidales	Rikenellaceae	Rikenellaceae_RC9_gut_group	unclassified_Rikenellaceae_RC9_gut_group
Otu000253	Root;Bacteria;Firmicutes;Clostridia;Clostridiales;Lachnospiraceae;Lachnoclostridium;[Clostridium]_scindens	1.0	Root	Bacteria	Firmicutes	Clostridia	Clostridiales	Lachnospiraceae	Lachnoclostridium	[Clostridium]_scindens
Otu000654	Root;Bacteria;Proteobacteria;Deltaproteobacteria;Desulfovibrionales;Desulfovibrionaceae;Desulfovibrio;uncultured_Desulfovibrionaceae_bacterium	0.99	Root	Bacteria	Proteobacteria	Deltaproteobacteria	Desulfovibrionales	Desulfovibrionaceae	Desulfovibrio	unclassified_Desulfovibrio
Otu000677	Root;Bacteria;Actinobacteria;Coriobacteriia;Coriobacteriales;Coriobacteriaceae;uncultured	0.96	Root	Bacteria	Actinobacteria	Coriobacteriia	Coriobacteriales	Coriobacteriaceae	unclassified_Coriobacteriaceae	unclassified_Coriobacteriaceae
Otu000822	Root;Bacteria;Proteobacteria;Gammaproteobacteria	0.95	Root	Bacteria	Proteobacteria	Gammaproteobacteria	unclassified_Gammaproteobacteria	unclassified_Gammaproteobacteria	unclassified_Gammaproteobacteria	unclassified_Gammaproteobacteria
Otu000902	Root;Bacteria;Firmicutes;Clostridia;Clostridiales;Lachnospiraceae	0.9	Root	Bacteria	Firmicutes	Clostridia	Clostridiales	Lachnospiraceae	unclassified_Lachnospiraceae	unclassified_Lachnospiraceae
Otu000659	Root;Bacteria;Firmicutes;Clostridia;Clostridiales;Lachnospiraceae;Cellulosilyticum;uncultured_bacterium	0.93	Root	Bacteria	Firmicutes	Clostridia	Clostridiales	Lachnospiraceae	Cellulosilyticum	unclassified_Cellulosilyticum
Otu000831	Root;Bacteria;Actinobacteria;Actinobacteria;Actinomycetales;Actinomycetaceae;Arcanobacterium;uncultured_bacterium	0.96	Root	Bacteria	Actinobacteria	Actinobacteria	Actinomycetales	Actinomycetaceae	Arcanobacterium	unclassified_Arcanobacterium
Otu000933	Root;Bacteria;Firmicutes;Clostridia;Clostridiales;Lachnospiraceae	1.0	Root	Bacteria	Firmicutes	Clostridia	Clostridiales	Lachnospiraceae	unclassified_Lachnospiraceae	unclassified_Lachnospiraceae
Otu000392	Root;Bacteria;Firmicutes;Clostridia;Clostridiales;Clostridiales_vadinBB60_group	1.0	Root	Bacteria	Firmicutes	Clostridia	Clostridiales	Clostridiales_vadinBB60_group	unclassified_Clostridiales_vadinBB60_group	unclassified_Clostridiales_vadinBB60_group
Otu000939	Root;Bacteria;Firmicutes;Clostridia;Clostridiales;Ruminococcaceae;Ruminococcaceae_UCG-005;uncultured_bacterium	0.86	Root	Bacteria	Firmicutes	Clostridia	Clostridiales	Ruminococcaceae	Ruminococcaceae_UCG-005	unclassified_Ruminococcaceae_UCG-005
Otu000774	Root;Bacteria;Bacteroidetes;Bacteroidia;Bacteroidales;Prevotellaceae;Alloprevotella	1.0	Root	Bacteria	Bacteroidetes	Bacteroidia	Bacteroidales	Prevotellaceae	Alloprevotella	unclassified_Alloprevotella
Otu000457	Root;Bacteria;Firmicutes;Clostridia;Clostridiales;Ruminococcaceae;Ruminococcaceae_UCG-013	0.92	Root	Bacteria	Firmicutes	Clostridia	Clostridiales	Ruminococcaceae	Ruminococcaceae_UCG-013	unclassified_Ruminococcaceae_UCG-013
Otu000541	Root;Bacteria;Bacteroidetes;Bacteroidia;Bacteroidales;Porphyromonadaceae;Butyricimonas;uncultured_bacterium	0.99	Root	Bacteria	Bacteroidetes	Bacteroidia	Bacteroidales	Porphyromonadaceae	Butyricimonas	unclassified_Butyricimonas
Otu000838	Root;Bacteria;Firmicutes;Clostridia;Clostridiales;Ruminococcaceae;Ruminococcaceae_UCG-010;uncultured_bacterium	0.9	Root	Bacteria	Firmicutes	Clostridia	Clostridiales	Ruminococcaceae	Ruminococcaceae_UCG-010	unclassified_Ruminococcaceae_UCG-010
Otu000157	Root;Bacteria;Bacteroidetes;Bacteroidia;Bacteroidales;Rikenellaceae;Rikenellaceae_RC9_gut_group;uncultured_bacterium	1.0	Root	Bacteria	Bacteroidetes	Bacteroidia	Bacteroidales	Rikenellaceae	Rikenellaceae_RC9_gut_group	unclassified_Rikenellaceae_RC9_gut_group
Otu000864	Root;Bacteria;Bacteroidetes;Bacteroidia;Bacteroidales;Porphyromonadaceae;Coprobacter;uncultured_bacterium	0.94	Root	Bacteria	Bacteroidetes	Bacteroidia	Bacteroidales	Porphyromonadaceae	Coprobacter	unclassified_Coprobacter
Otu000535	Root;Bacteria;Proteobacteria;Betaproteobacteria;Burkholderiales	0.97	Root	Bacteria	Proteobacteria	Betaproteobacteria	Burkholderiales	unclassified_Burkholderiales	unclassified_Burkholderiales	unclassified_Burkholderiales
Otu000176	Root;Bacteria;Firmicutes;Clostridia;Clostridiales;Ruminococcaceae;Ruminococcaceae_UCG-013;uncultured_bacterium	0.96	Root	Bacteria	Firmicutes	Clostridia	Clostridiales	Ruminococcaceae	Ruminococcaceae_UCG-013	unclassified_Ruminococcaceae_UCG-013
Otu000962	Root;Bacteria;Actinobacteria;Coriobacteriia;Coriobacteriales;Coriobacteriaceae	0.85	Root	Bacteria	Actinobacteria	Coriobacteriia	Coriobacteriales	Coriobacteriaceae	unclassified_Coriobacteriaceae	unclassified_Coriobacteriaceae
Otu000274	Root;Bacteria;Synergistetes;Synergistia;Synergistales;Synergistaceae;Pyramidobacter;Pyramidobacter_piscolens	0.91	Root	Bacteria	Synergistetes	Synergistia	Synergistales	Synergistaceae	Pyramidobacter	Pyramidobacter_piscolens
Otu000296	Root;Bacteria;Lentisphaerae;Lentisphaeria;Victivallales;Victivallaceae;Victivallis	1.0	Root	Bacteria	Lentisphaerae	Lentisphaeria	Victivallales	Victivallaceae	Victivallis	unclassified_Victivallis
Otu000470	Root;Bacteria;Bacteroidetes;Bacteroidia;Bacteroidales;Prevotellaceae;Prevotellaceae_NK3B31_group;human_gut_metagenome	1.0	Root	Bacteria	Bacteroidetes	Bacteroidia	Bacteroidales	Prevotellaceae	Prevotellaceae_NK3B31_group	human_gut_metagenome
Otu000903	Root;Bacteria;Firmicutes;Clostridia;Clostridiales;Lachnospiraceae	1.0	Root	Bacteria	Firmicutes	Clostridia	Clostridiales	Lachnospiraceae	unclassified_Lachnospiraceae	unclassified_Lachnospiraceae
Otu000759	Root;Bacteria;Firmicutes;Clostridia;Clostridiales;Family_XIII;Family_XIII_AD3011_group;uncultured_bacterium	0.91	Root	Bacteria	Firmicutes	Clostridia	Clostridiales	Clostridiales_Family_XIII	Family_XIII_AD3011_group	unclassified_Family_XIII_AD3011_group
Otu000971	Root;Bacteria;Firmicutes;Clostridia;Clostridiales	0.97	Root	Bacteria	Firmicutes	Clostridia	Clostridiales	unclassified_Clostridiales	unclassified_Clostridiales	unclassified_Clostridiales
Otu000705	Root;Bacteria;Bacteroidetes;Bacteroidia;Bacteroidales;Prevotellaceae;Alloprevotella;uncultured_organism	0.98	Root	Bacteria	Bacteroidetes	Bacteroidia	Bacteroidales	Prevotellaceae	Alloprevotella	unclassified_Alloprevotella
Otu000396	Root;Bacteria;Chlamydiae;Chlamydiae;Chlamydiales;Chlamydiaceae;Chlamydophila;Chlamydophila_pneumoniae	1.0	Root	Bacteria	Chlamydiae	Chlamydiae	Chlamydiales	Chlamydiaceae	Chlamydophila	Chlamydophila_pneumoniae
Otu000526	Root;Bacteria;Actinobacteria;Actinobacteria	0.98	Root	Bacteria	Actinobacteria	Actinobacteria	unclassified_Actinobacteria	unclassified_Actinobacteria	unclassified_Actinobacteria	unclassified_Actinobacteria
Otu000792	Root;Bacteria;Bacteroidetes;Sphingobacteriia;Sphingobacteriales;Sphingobacteriaceae;Olivibacter;uncultured_compost_bacterium	1.0	Root	Bacteria	Bacteroidetes	Sphingobacteriia	Sphingobacteriales	Sphingobacteriaceae	Olivibacter	unclassified_Olivibacter
Otu000528	Root;Bacteria;Actinobacteria;Actinobacteria;Bifidobacteriales;Bifidobacteriaceae;Bifidobacterium	1.0	Root	Bacteria	Actinobacteria	Actinobacteria	Bifidobacteriales	Bifidobacteriaceae	Bifidobacterium	unclassified_Bifidobacterium
Otu000437	Root;Bacteria;Bacteroidetes;Bacteroidia;Bacteroidales;Prevotellaceae;Prevotella_7	1.0	Root	Bacteria	Bacteroidetes	Bacteroidia	Bacteroidales	Prevotellaceae	Prevotella_7	unclassified_Prevotella_7
Otu000857	Root;Bacteria;Bacteroidetes;Bacteroidia;Bacteroidales;Prevotellaceae;Prevotella_7;Prevotella_sp._oral_clone_FW035	1.0	Root	Bacteria	Bacteroidetes	Bacteroidia	Bacteroidales	Prevotellaceae	Prevotella_7	Prevotella_sp._oral_clone_FW035
Otu000298	Root;Bacteria;Firmicutes;Clostridia;Clostridiales;Family_XIII	0.98	Root	Bacteria	Firmicutes	Clostridia	Clostridiales	Clostridiales_Family_XIII	unclassified_Clostridiales_Family_XIII	unclassified_Clostridiales_Family_XIII
Otu000444	Root;Bacteria;Firmicutes;Clostridia;Clostridiales;Ruminococcaceae	1.0	Root	Bacteria	Firmicutes	Clostridia	Clostridiales	Ruminococcaceae	unclassified_Ruminococcaceae	unclassified_Ruminococcaceae
Otu000440	Root;Bacteria;Firmicutes;Clostridia;Clostridiales;Peptococcaceae;Peptococcus;uncultured_bacterium	0.97	Root	Bacteria	Firmicutes	Clostridia	Clostridiales	Peptococcaceae	Peptococcus	unclassified_Peptococcus
Otu000990	Root;Bacteria;Firmicutes;Clostridia;Clostridiales;Family_XI;Ezakiella;[Bacteroides]_coagulans	1.0	Root	Bacteria	Firmicutes	Clostridia	Clostridiales	Clostridiales_Family_XI	Ezakiella	[Bacteroides]_coagulans
Otu000969	Root;Bacteria	0.99	Root	Bacteria	unclassified_Bacteria	unclassified_Bacteria	unclassified_Bacteria	unclassified_Bacteria	unclassified_Bacteria	unclassified_Bacteria
Otu000713	Root;Bacteria	0.99	Root	Bacteria	unclassified_Bacteria	unclassified_Bacteria	unclassified_Bacteria	unclassified_Bacteria	unclassified_Bacteria	unclassified_Bacteria
Otu000960	Root;Bacteria;Firmicutes;Erysipelotrichia;Erysipelotrichales;Erysipelotrichaceae;Holdemanella	0.83	Root	Bacteria	Firmicutes	Erysipelotrichia	Erysipelotrichales	Erysipelotrichaceae	Holdemanella	unclassified_Holdemanella
